DATE,GDPC1,GPDIC1,M2SL,FEDFUNDS,DGS10,TB3MS,TCU,GFDEBTN,NFCI,STLFSI,KCFSI,VIX,BAA10Y,AAA10Y,DRTSCILM,BAMLH0A0HYM2,BAMLC0A4CBBB
1934-01-01,,,,,,0.5266666666666667,,,,,,,,,,,
1934-04-01,,,,,,0.15333333333333332,,,,,,,,,,,
1934-07-01,,,,,,0.18333333333333335,,,,,,,,,,,
1934-10-01,,,,,,0.25,,,,,,,,,,,
1935-01-01,,,,,,0.18000000000000002,,,,,,,,,,,
1935-04-01,,,,,,0.15,,,,,,,,,,,
1935-07-01,,,,,,0.17,,,,,,,,,,,
1935-10-01,,,,,,0.17,,,,,,,,,,,
1936-01-01,,,,,,0.20000000000000004,,,,,,,,,,,
1936-04-01,,,,,,0.20000000000000004,,,,,,,,,,,
1936-07-01,,,,,,0.17,,,,,,,,,,,
1936-10-01,,,,,,0.12,,,,,,,,,,,
1937-01-01,,,,,,0.2333333333333333,,,,,,,,,,,
1937-04-01,,,,,,0.44333333333333336,,,,,,,,,,,
1937-07-01,,,,,,0.29333333333333333,,,,,,,,,,,
1937-10-01,,,,,,0.13333333333333333,,,,,,,,,,,
1938-01-01,,,,,,0.08666666666666667,,,,,,,,,,,
1938-04-01,,,,,,0.06333333333333334,,,,,,,,,,,
1938-07-01,,,,,,0.07,,,,,,,,,,,
1938-10-01,,,,,,0.04,,,,,,,,,,,
1939-01-01,,,,,,0.03,,,,,,,,,,,
1939-04-01,,,,,,0.03,,,,,,,,,,,
1939-07-01,,,,,,0.07666666666666667,,,,,,,,,,,
1939-10-01,,,,,,0.04666666666666667,,,,,,,,,,,
1940-01-01,,,,,,0.016666666666666666,,,,,,,,,,,
1940-04-01,,,,,,0.06,,,,,,,,,,,
1940-07-01,,,,,,0.04666666666666667,,,,,,,,,,,
1940-10-01,,,,,,0.02,,,,,,,,,,,
1941-01-01,,,,,,0.05666666666666667,,,,,,,,,,,
1941-04-01,,,,,,0.11,,,,,,,,,,,
1941-07-01,,,,,,0.11666666666666665,,,,,,,,,,,
1941-10-01,,,,,,0.2333333333333333,,,,,,,,,,,
1942-01-01,,,,,,0.25666666666666665,,,,,,,,,,,
1942-04-01,,,,,,0.35333333333333333,,,,,,,,,,,
1942-07-01,,,,,,0.38000000000000006,,,,,,,,,,,
1942-10-01,,,,,,0.38000000000000006,,,,,,,,,,,
1943-01-01,,,,,,0.38000000000000006,,,,,,,,,,,
1943-04-01,,,,,,0.38000000000000006,,,,,,,,,,,
1943-07-01,,,,,,0.38000000000000006,,,,,,,,,,,
1943-10-01,,,,,,0.38000000000000006,,,,,,,,,,,
1944-01-01,,,,,,0.38000000000000006,,,,,,,,,,,
1944-04-01,,,,,,0.38000000000000006,,,,,,,,,,,
1944-07-01,,,,,,0.38000000000000006,,,,,,,,,,,
1944-10-01,,,,,,0.38000000000000006,,,,,,,,,,,
1945-01-01,,,,,,0.38000000000000006,,,,,,,,,,,
1945-04-01,,,,,,0.38000000000000006,,,,,,,,,,,
1945-07-01,,,,,,0.38000000000000006,,,,,,,,,,,
1945-10-01,,,,,,0.38000000000000006,,,,,,,,,,,
1946-01-01,,,,,,0.38000000000000006,,,,,,,,,,,
1946-04-01,,,,,,0.38000000000000006,,,,,,,,,,,
1946-07-01,,,,,,0.38000000000000006,,,,,,,,,,,
1946-10-01,,,,,,0.38000000000000006,,,,,,,,,,,
1947-01-01,2182.681,227.242,,,,0.38000000000000006,,,,,,,,,,,
1947-04-01,2176.892,209.836,,,,0.38000000000000006,,,,,,,,,,,
1947-07-01,2172.432,203.662,,,,0.7366666666666667,,,,,,,,,,,
1947-10-01,2206.452,243.072,,,,0.9066666666666666,,,,,,,,,,,
1948-01-01,2239.682,268.012,,,,0.9899999999999999,,,,,,,,,,,
1948-04-01,2276.69,284.598,,,,1.0,,,,,,,,,,,
1948-07-01,2289.77,287.514,,,,1.05,,,,,,,,,,,
1948-10-01,2292.364,273.765,,,,1.14,,,,,,,,,,,
1949-01-01,2260.807,232.885,,,,1.17,,,,,,,,,,,
1949-04-01,2253.128,201.926,,,,1.17,,,,,,,,,,,
1949-07-01,2276.424,218.667,,,,1.0433333333333332,,,,,,,,,,,
1949-10-01,2257.352,207.912,,,,1.0766666666666669,,,,,,,,,,,
1950-01-01,2346.104,257.271,,,,1.1033333333333335,,,,,,,,,,,
1950-04-01,2417.682,284.803,,,,1.1533333333333333,,,,,,,,,,,
1950-07-01,2511.127,309.285,,,,1.22,,,,,,,,,,,
1950-10-01,2559.214,348.585,,,,1.3366666666666667,,,,,,,,,,,
1951-01-01,2593.967,312.966,,,,1.3666666666666665,,,,,,,,,,,
1951-04-01,2638.898,320.221,,,,1.49,,,,,,,,,,,
1951-07-01,2693.259,296.643,,,,1.6033333333333335,,,,,,,,,,,
1951-10-01,2699.156,273.007,,,,1.61,,,,,,,,,,,
1952-01-01,2727.954,280.13,,,,1.5666666666666667,,,,,,,,,,,
1952-04-01,2733.8,259.01,,,,1.6466666666666665,,,,,,,,,,,
1952-07-01,2753.517,272.895,,,,1.7833333333333332,,,,,,,,,,,
1952-10-01,2843.941,292.552,,,,1.8933333333333333,,,,,,,,,,,
1953-01-01,2896.811,298.847,,,,1.9799999999999998,,,,,,,,,,,
1953-04-01,2919.206,300.547,,,,2.1533333333333333,,,,,,,,,,,
1953-07-01,2902.785,294.261,,,,1.9566666666666668,,,,,,,,,,,
1953-10-01,2858.845,272.998,,,,1.4733333333333334,,,,,,,,,,,
1954-01-01,2845.192,271.041,,,,1.0599999999999998,,,,,,,,,,,
1954-04-01,2848.305,270.402,,,,0.79,,,,,,,,,,,
1954-07-01,2880.482,283.451,,1.03,,0.8833333333333333,,,,,,,,,,,
1954-10-01,2936.852,295.882,,0.9866666666666667,,1.02,,,,,,,,,,,
1955-01-01,3020.746,325.442,,1.3433333333333335,,1.2233333333333334,,,,,,,,,,,
1955-04-01,3069.91,345.235,,1.5,,1.4833333333333334,,,,,,,,,,,
1955-07-01,3111.379,350.533,,1.9400000000000002,,1.8566666666666667,,,,,,,,,,,
1955-10-01,3130.068,358.661,,2.356666666666667,,2.3366666666666664,,,,,,,,,,,
1956-01-01,3117.922,348.42,,2.4833333333333334,,2.3266666666666667,,,,,,,,,,,
1956-04-01,3143.694,345.678,,2.6933333333333334,,2.566666666666667,,,,,,,,,,,
1956-07-01,3140.874,342.583,,2.81,,2.5833333333333335,,,,,,,,,,,
1956-10-01,3192.57,339.406,,2.9266666666666663,,3.033333333333333,,,,,,,,,,,
1957-01-01,3213.011,334.137,,2.9333333333333336,,3.0966666666666662,,,,,,,,,,,
1957-04-01,3205.97,333.798,,3.0,,3.14,,,,,,,,,,,
1957-07-01,3237.386,341.451,,3.233333333333334,,3.3533333333333335,,,,,,,,,,,
1957-10-01,3203.894,315.195,,3.2533333333333334,,3.31,,,,,,,,,,,
1958-01-01,3120.724,293.932,,1.8633333333333333,,1.7566666666666666,,,,,,,,,,,
1958-04-01,3141.224,288.01,,0.9400000000000001,,0.9566666666666667,,,,,,,,,,,
1958-07-01,3213.884,310.114,,1.3233333333333335,,1.68,,,,,,,,,,,
1958-10-01,3289.032,336.555,,2.1633333333333336,,2.69,,,,,,,,,,,
1959-01-01,3352.129,354.894,287.8333333333333,2.57,,2.7733333333333334,,,,,,,,,,,
1959-04-01,3427.667,382.5,292.1333333333334,3.0833333333333335,,3.0,,,,,,,,,,,
1959-07-01,3430.057,357.798,296.09999999999997,3.5766666666666667,,3.5400000000000005,,,,,,,,,,,
1959-10-01,3439.832,369.442,297.1333333333334,3.99,,4.23,,,,,,,,,,,
1960-01-01,3517.181,406.581,298.6333333333333,3.9333333333333336,,3.873333333333333,,,,,,,,,,,
1960-04-01,3498.246,368.686,301.09999999999997,3.6966666666666668,,2.9933333333333336,,,,,,,,,,,
1960-07-01,3515.385,367.749,306.46666666666664,2.936666666666667,,2.36,,,,,,,,,,,
1960-10-01,3470.278,327.01,310.93333333333334,2.296666666666667,,2.3066666666666666,,,,,,,,,,,
1961-01-01,3493.703,335.496,316.3,2.0033333333333334,,2.35,,,,,,,,,,,
1961-04-01,3553.021,359.004,322.1333333333333,1.7333333333333334,,2.3033333333333332,,,,,,,,,,,
1961-07-01,3621.252,386.914,327.56666666666666,1.6833333333333333,,2.3033333333333332,,,,,,,,,,,
1961-10-01,3692.289,393.316,333.3333333333333,2.4,,2.46,,,,,,,,,,,
1962-01-01,3758.147,414.522,340.23333333333335,2.4566666666666666,4.0162903225806454,2.723333333333333,,,,,,,,,,,
1962-04-01,3792.149,411.253,347.43333333333334,2.606666666666667,3.8757142857142854,2.716666666666667,,,,,,,,,,,
1962-07-01,3838.776,418.241,352.8333333333333,2.8466666666666662,3.9895238095238095,2.84,,,,,,,,,,,
1962-10-01,3851.421,406.004,359.90000000000003,2.9233333333333333,3.902459016393443,2.813333333333334,,,,,,,,,,,
1963-01-01,3893.482,427.366,367.93333333333334,2.966666666666667,3.8921311475409834,2.9066666666666667,,,,,,,,,,,
1963-04-01,3937.183,434.164,375.93333333333334,2.9633333333333334,3.963650793650794,2.94,,,,,,,,,,,
1963-07-01,4023.755,447.531,383.56666666666666,3.33,4.03203125,3.293333333333333,,,,,,,,,,,
1963-10-01,4050.147,452.965,391.0,3.453333333333333,4.118196721311476,3.4966666666666666,,,,,,,,,,,
1964-01-01,4135.553,469.918,397.5333333333333,3.4633333333333334,4.178688524590164,3.53,,,,,,,,,,,
1964-04-01,4180.592,468.225,404.3333333333333,3.49,4.20078125,3.4766666666666666,,,,,,,,,,,
1964-07-01,4245.918,479.154,413.4666666666667,3.456666666666667,4.194375,3.4966666666666666,,,,,,,,,,,
1964-10-01,4259.046,483.706,421.93333333333334,3.5766666666666667,4.174590163934426,3.6833333333333336,,,,,,,,,,,
1965-01-01,4362.111,529.824,430.3666666666666,3.9766666666666666,4.2037704918032786,3.89,,,,,,,,,,,
1965-04-01,4417.225,531.216,437.5333333333333,4.079999999999999,4.20952380952381,3.8733333333333335,,,,,,,,,,,
1965-07-01,4515.427,549.712,446.06666666666666,4.076666666666667,4.24921875,3.8666666666666667,,,,,,,,,,,
1965-10-01,4619.458,553.352,455.8333333333333,4.166666666666667,4.476393442622951,4.166666666666667,,,,,,,,,,,
1966-01-01,4731.888,597.563,464.59999999999997,4.56,4.7739682539682535,4.61,,320999.0,,,,,,,,,
1966-04-01,4748.046,588.717,470.2,4.913333333333333,4.782063492063492,4.586666666666667,,316097.0,,,,,,,,,
1966-07-01,4788.254,584.373,472.9666666666667,5.41,5.14609375,5.043333333333333,,324748.0,,,,,,,,,
1966-10-01,4827.537,587.798,477.73333333333335,5.5633333333333335,4.998,5.21,,329319.0,,,,,,,,,
1967-01-01,4870.299,573.373,485.4666666666667,4.823333333333333,4.579672131147541,4.513333333333333,88.14956666666666,330947.0,,,,,,,,,
1967-04-01,4873.287,552.629,497.09999999999997,3.9899999999999998,4.8284375,3.66,86.60860000000001,322893.0,,,,,,,,,
1967-07-01,4919.392,568.833,510.6000000000001,3.893333333333333,5.246984126984127,4.3,86.04313333333334,335896.0,,,,,,,,,
1967-10-01,4956.477,581.104,521.4,4.173333333333333,5.641803278688524,4.753333333333333,87.1866,344663.0,,,,,,,,,
1968-01-01,5057.553,592.754,530.3333333333334,4.79,5.610967741935484,5.05,87.339,349473.0,,,,,,,,,
1968-04-01,5142.033,615.427,539.0666666666667,5.983333333333333,5.7461290322580645,5.52,87.4774,345369.0,,,,,,,,,
1968-07-01,5181.859,598.643,549.5333333333333,5.946666666666666,5.45859375,5.196666666666666,87.13483333333333,354743.0,,,,,,,,,
1968-10-01,5202.212,605.155,562.2666666666667,5.916666666666667,5.767741935483872,5.586666666666666,87.44286666666666,358029.0,,,,,,,,,
1969-01-01,5283.597,640.79,571.8666666666667,6.566666666666666,6.170983606557377,6.093333333333334,88.15933333333334,359546.0,,,,,,,,,
1969-04-01,5299.625,637.015,576.9,8.326666666666666,6.356984126984127,6.196666666666666,87.6025,352895.0,,,,,,,,,
1969-07-01,5334.6,649.948,580.5666666666667,8.983333333333333,6.856825396825397,7.023333333333333,87.72046666666667,360685.0,,,,,,,,,
1969-10-01,5308.556,618.565,585.5666666666666,8.94,7.310491803278689,7.353333333333334,86.26303333333334,368226.0,,,,,,,,,
1970-01-01,5300.652,600.116,587.7333333333332,8.573333333333332,7.375166666666667,7.21,83.34356666666666,372007.0,,,,,,,,,
1970-04-01,5308.164,601.421,591.6999999999999,7.886666666666667,7.71,6.676666666666667,82.1167,370094.0,,,,,,,,,
1970-07-01,5357.077,611.208,605.0666666666667,6.706666666666667,7.45796875,6.326666666666667,81.071,378678.0,,,,,,,,,
1970-10-01,5299.672,578.757,621.3333333333334,5.566666666666666,6.846065573770492,5.353333333333334,78.5938,389158.0,,,,,,,,,
1971-01-01,5443.619,646.232,641.2666666666667,3.856666666666667,5.999508196721312,3.84,79.4439,391668.0,0.80707,,,,,,,,
1971-04-01,5473.059,664.569,666.0333333333333,4.566666666666666,6.251587301587302,4.25,79.55723333333333,397305.0,1.283830769230769,,,,,,,,
1971-07-01,5518.072,672.632,685.8666666666667,5.476666666666667,6.48546875,5.010000000000001,79.2041,412268.0,1.6035253846153845,,,,,,,,
1971-10-01,5531.032,654.519,704.4333333333334,4.75,5.888032786885246,4.2299999999999995,80.43623333333333,424131.0,1.5188364285714286,,,,,,,,
1972-01-01,5632.649,697.648,725.6333333333333,3.546666666666667,6.032222222222222,3.436666666666667,83.24206666666667,427344.0,0.7253576923076923,,,,,,,,
1972-04-01,5760.47,737.276,743.8000000000001,4.3,6.1409375,3.77,84.2013,426435.0,0.11929846153846155,,,,,,,,
1972-07-01,5814.854,747.745,768.8333333333334,4.743333333333333,6.2871428571428565,4.22,84.59906666666666,433946.0,0.15180846153846156,,,,,,,,
1972-10-01,5912.22,752.434,794.3666666666667,5.1466666666666665,6.372833333333333,4.863333333333333,86.76996666666666,448473.0,-0.22088,,,,,,,,
1973-01-01,6058.544,796.53,813.2333333333332,6.536666666666666,6.6009677419354835,5.7,88.39646666666665,458606.0,0.6695492307692308,,,,,,,,
1973-04-01,6124.506,830.483,826.6,7.816666666666666,6.808095238095238,6.603333333333334,88.25396666666667,457317.0,1.1822069230769232,,,,,,,,
1973-07-01,6092.301,800.37,838.1999999999999,10.56,7.218730158730159,8.323333333333332,88.08453333333334,460614.0,2.015102307692308,,,,,,,,
1973-10-01,6150.131,828.879,849.0,9.996666666666666,6.756333333333333,7.5,88.5566,469073.0,2.1118530769230768,,,,,,,,
1974-01-01,6097.258,781.544,864.6666666666666,9.323333333333332,7.055245901639345,7.616666666666667,86.9436,473675.0,0.8226692307692307,,,,,,,,
1974-04-01,6111.751,778.425,875.1,11.25,7.541904761904762,8.153333333333334,86.29293333333334,474235.0,2.9437253846153846,,,,,,,,
1974-07-01,6053.978,738.08,884.4666666666667,12.089999999999998,7.95984375,8.19,85.38436666666666,481466.0,4.7523723076923075,,,,,,,,
1974-10-01,6030.464,742.56,898.0,9.346666666666666,7.673770491803278,7.359999999999999,81.50683333333333,492664.0,2.9874646153846154,,,,,,,,
1975-01-01,5957.035,622.949,915.1333333333333,6.303333333333334,7.5441666666666665,5.75,75.66166666666668,509659.0,1.4521823076923077,,,,,,,,
1975-04-01,5999.61,604.403,948.6666666666666,5.419999999999999,8.051875,5.3933333333333335,74.32273333333333,533188.0,0.10590615384615386,,,,,,,,
1975-07-01,6102.326,651.26,983.2333333333332,6.16,8.2915625,6.330000000000001,75.7906,553647.0,-0.09220923076923077,,,,,,,,
1975-10-01,6184.53,669.438,1006.9666666666667,5.413333333333334,8.06327868852459,5.626666666666668,77.0387,576649.0,0.05423153846153846,,,,,,,,
1976-01-01,6323.649,734.031,1038.9666666666665,4.826666666666667,7.754032258064516,4.916666666666667,78.90416666666667,600490.0,-0.5803369230769231,,,,,,,,
1976-04-01,6370.025,763.083,1070.1666666666667,5.196666666666666,7.773015873015873,5.156666666666667,79.4042,620432.0,-0.5749246153846154,,,,,,,,
1976-07-01,6404.895,765.742,1098.6000000000001,5.283333333333333,7.7321875,5.1499999999999995,79.93246666666666,634701.0,-0.648626923076923,,,,,,,,
1976-10-01,6451.177,771.471,1138.3999999999999,4.873333333333334,7.178196721311475,4.673333333333333,80.8077,653543.0,-0.6971914285714286,,,,,,,,
1977-01-01,6527.703,807.213,1177.1000000000001,4.66,7.356984126984127,4.63,81.82743333333333,669207.0,-0.8958941666666668,,,,,,,,
1977-04-01,6654.466,865.083,1208.8,5.156666666666666,7.366031746031746,4.84,83.75593333333333,674425.0,-0.6088346153846154,,,,,,,,
1977-07-01,6774.457,908.859,1236.6333333333334,5.82,7.358888888888889,5.496666666666667,84.00750000000001,698840.0,-0.47532142857142856,,,,,,,,
1977-10-01,6774.592,886.06,1262.2333333333333,6.513333333333333,7.597166666666666,6.109999999999999,83.8392,718943.0,-0.25670230769230773,,,,,,,,
1978-01-01,6796.26,903.329,1285.8,6.756666666666667,8.007704918032786,6.3933333333333335,82.88646666666666,737951.0,-0.19374,,,,,,,,
1978-04-01,7058.92,962.001,1309.8,7.283333333333334,8.325555555555555,6.476666666666667,85.5403,749024.0,0.4339646153846154,,,,,,,,
1978-07-01,7129.915,990.029,1334.2,8.1,8.485396825396826,7.313333333333333,85.5809,771544.0,0.5922992307692307,,,,,,,,
1978-10-01,7225.75,1012.924,1359.1333333333332,9.583333333333334,8.815081967213116,8.57,86.37326666666667,789207.0,1.71537,,,,,,,,
1979-01-01,7238.727,1014.607,1379.0666666666666,10.073333333333332,9.105483870967742,9.383333333333333,86.09023333333334,796792.0,0.7964784615384615,,,,,,,,
1979-04-01,7246.454,1013.693,1411.7666666666667,10.18,9.115,9.376666666666667,85.2339,804913.0,0.45256384615384615,,,,,,,,
1979-07-01,7300.281,996.622,1445.1666666666667,10.946666666666667,9.095079365079366,9.673333333333334,84.36630000000001,826519.0,1.4955307692307693,,,,,,,,
1979-10-01,7318.535,978.943,1466.6666666666667,13.576666666666666,10.437868852459017,11.843333333333334,84.1665,845116.0,2.2959746153846154,,,,,,,,
1980-01-01,7341.557,972.248,1492.3666666666668,15.046666666666667,11.955806451612903,13.353333333333333,84.02906666666667,863451.0,2.4298623076923076,,,,,,,,
1980-04-01,7190.289,889.579,1514.5666666666666,12.686666666666667,10.477619047619049,9.616666666666667,80.01433333333334,877614.0,3.060606153846154,,,,,,,,
1980-07-01,7181.743,830.866,1560.3333333333333,9.836666666666666,10.94171875,9.153333333333334,78.25033333333333,907701.0,0.9523407692307693,,,,,,,,
1980-10-01,7315.677,908.306,1593.4666666666665,15.853333333333333,12.405573770491804,13.613333333333335,80.7608,930210.0,2.392879230769231,,,,,,,,
1981-01-01,7459.022,992.376,1620.7333333333333,16.569999999999997,12.950655737704919,14.39,80.38613333333333,964531.0,2.3750053846153847,,,,,,,,
1981-04-01,7403.745,951.246,1664.5666666666666,17.78,13.74047619047619,14.906666666666666,80.03106666666666,971174.0,2.40893,,,,,,,,
1981-07-01,7492.405,1004.861,1694.0666666666666,17.576666666666664,14.8384375,15.053333333333333,80.17713333333334,997855.0,3.316046923076923,,,,,,,,
1981-10-01,7410.768,969.475,1737.8,13.586666666666666,14.116721311475409,11.75,77.80353333333333,1028729.0,2.5207261538461543,,,,,,,,
1982-01-01,7295.631,877.772,1777.1333333333332,14.226666666666667,14.268032786885247,12.813333333333333,75.71823333333333,1061299.0,1.9806992307692306,,,,,,,,
1982-04-01,7328.912,877.104,1815.1000000000001,14.513333333333334,13.942063492063493,12.42,74.38256666666666,1079630.0,2.4519292307692306,,,,,,,,
1982-07-01,7300.896,869.067,1845.0333333333335,11.006666666666666,13.1125,9.316666666666666,73.02659999999999,1142035.0,3.1832369230769233,,,,,,,,
1982-10-01,7303.817,801.889,1886.4333333333334,9.286666666666667,10.66344262295082,7.906666666666667,71.45203333333333,1197074.0,1.6465978571428572,,,,,,,,
1983-01-01,7400.066,829.672,1990.4666666666665,8.653333333333334,10.555873015873015,8.106666666666667,72.14123333333333,1244493.0,0.157975,,,,,1.2782539682539682,,,
1983-04-01,7568.456,903.148,2041.7333333333333,8.803333333333335,10.549999999999999,8.396666666666667,73.68326666666667,1319581.0,-0.13149692307692307,,,,,1.0273015873015874,,,
1983-07-01,7719.746,959.692,2074.0,9.459999999999999,11.63640625,9.14,76.11446666666667,1377211.0,-0.10365785714285715,,,,,0.71421875,,,
1983-10-01,7880.794,1053.054,2111.6666666666665,9.43,11.689166666666667,8.799999999999999,77.94273333333334,1410702.0,0.04186923076923077,,,,,0.7256666666666667,,,
1984-01-01,8034.847,1154.826,2157.2,9.686666666666667,11.954516129032257,9.17,79.97789999999999,1463741.0,-0.11778923076923077,,,,,0.34338709677419355,,,
1984-04-01,8173.67,1192.381,2203.633333333333,10.556666666666667,13.213968253968254,9.796666666666667,80.8345,1512697.0,0.7020369230769231,,,,,0.006984126984126984,,,
1984-07-01,8252.465,1218.184,2232.766666666667,11.39,12.873174603174602,10.32,80.88663333333334,1572267.0,0.7459069230769231,,,,,0.12317460317460317,,,
1984-10-01,8320.199,1202.383,2282.2333333333336,9.266666666666667,11.760655737704917,8.803333333333333,80.3721,1662966.0,-0.028325384615384617,,,,,0.5977049180327869,,,
1985-01-01,8400.82,1169.416,2350.9,8.476666666666667,11.586500000000001,8.183333333333332,80.04613333333333,1710731.0,-0.34457230769230773,,,,,0.676,,,
1985-04-01,8474.787,1189.334,2392.5,7.923333333333333,10.823492063492063,7.460000000000001,79.48013333333334,1774640.0,-0.4033892307692308,,,,,0.8192063492063492,,,
1985-07-01,8604.22,1181.226,2443.2999999999997,7.8999999999999995,10.335555555555555,7.1066666666666665,78.80579999999999,1823103.0,-0.2431846153846154,,,,,0.6898412698412698,,,
1985-10-01,8668.188,1224.763,2479.2999999999997,8.103333333333333,9.766129032258064,7.166666666666667,78.7885,1945942.0,-0.29252,,,,,0.815483870967742,,,
1986-01-01,8749.127,1224.404,2516.0333333333333,7.826666666666667,8.567,6.896666666666666,78.9106,1986816.0,-0.2959776923076923,,,,2.4526666666666666,1.0088333333333332,,,
1986-04-01,8788.524,1203.028,2582.5333333333333,6.919999999999999,7.59796875,6.140000000000001,78.1747,2059349.0,-0.45174846153846154,,,,2.67265625,1.401875,,,
1986-07-01,8872.601,1170.667,2646.9666666666667,6.206666666666666,7.30546875,5.523333333333333,78.2478,2125304.0,-0.5468953846153846,,,,2.87703125,1.524375,,,
1986-10-01,8920.193,1174.171,2705.566666666667,6.266666666666667,7.264032258064516,5.353333333333333,78.84026666666666,2214835.0,-0.5503761538461538,,,,2.8280645161290323,1.4130645161290323,,,
1987-01-01,8986.367,1205.858,2748.366666666667,6.22,7.195409836065574,5.536666666666666,79.5204,2246724.0,-0.4332438461538462,,,,2.466393442622951,1.1739344262295082,,,
1987-04-01,9083.256,1206.486,2771.7333333333336,6.6499999999999995,8.342698412698413,5.656666666666666,80.46203333333334,2309296.0,0.3999507692307693,,,,2.0169841269841267,0.8233333333333333,,,
1987-07-01,9162.024,1206.662,2788.9,6.843333333333334,8.8696875,6.043333333333334,81.49393333333333,2350277.0,0.15900461538461538,,,,2.0309375,0.87984375,,,
1987-10-01,9319.332,1288.881,2820.0333333333333,6.916666666666667,9.129032258064516,5.863333333333333,83.02749999999999,2431715.0,0.9798399999999999,,,,2.2503225806451614,1.0896774193548386,,,
1988-01-01,9367.502,1227.008,2869.5,6.663333333333334,8.410967741935485,5.723333333333334,83.54373333333334,2487551.0,0.3037976923076923,,,,2.329032258064516,1.1298387096774194,,,
1988-04-01,9490.594,1256.243,2925.0333333333333,7.156666666666666,8.912857142857142,6.21,84.13976666666667,2547656.0,0.23874461538461536,,,,2.07,0.9001587301587302,,,
1988-07-01,9546.206,1263.222,2952.0333333333333,7.983333333333333,9.10359375,7.010000000000001,84.35453333333334,2602183.0,0.36398857142857144,,,,1.97515625,0.86609375,,,
1988-10-01,9673.405,1282.499,2977.9,8.47,8.95704918032787,7.726666666666667,84.7851,2684392.0,0.16722769230769233,,,,1.557049180327869,0.5504918032786885,,,
1989-01-01,9771.725,1326.029,2994.533333333333,9.443333333333333,9.211639344262295,8.54,84.89216666666667,2740898.0,0.37862307692307695,,,,1.4337704918032785,0.47918032786885245,,,
1989-04-01,9846.293,1313.202,3015.1666666666665,9.726666666666667,8.75796875,8.41,84.1482,2799923.0,0.45454538461538463,,,,1.6043749999999999,0.71921875,,,
1989-07-01,9919.228,1301.412,3073.1,9.083333333333334,8.107460317460317,7.843333333333334,83.09859999999999,2857431.0,0.2579007692307692,,,,1.7792063492063492,0.8571428571428571,,,
1989-10-01,9938.767,1291.758,3133.2999999999997,8.613333333333333,7.9070967741935485,7.653333333333333,82.83593333333333,2952994.0,0.17051230769230769,,,,1.905483870967742,0.9812903225806452,,,
1990-01-01,10047.386,1304.586,3178.7000000000003,8.25,8.423870967741935,7.760000000000001,82.86306666666667,3051958.0,0.051627692307692305,,0.2929731660335735,22.174603174603174,1.6751612903225805,0.7722580645161291,,,
1990-04-01,10083.855,1304.993,3205.2999999999997,8.243333333333332,8.674126984126984,7.746666666666667,82.89256666666667,3143754.0,0.0004599999999999989,,0.17297615426018795,18.72206349206349,1.6387301587301586,0.720952380952381,54.4,,
1990-07-01,10090.569,1279.695,3240.366666666667,8.16,8.701269841269841,7.476666666666667,82.76066666666667,3233313.0,0.08342846153846153,,0.42172373216441345,25.195555555555554,1.706190476190476,0.6985714285714285,46.7,,
1990-10-01,9998.704,1208.107,3264.566666666667,7.743333333333332,8.405967741935482,6.989999999999999,81.1365,3364820.0,0.4611576923076923,,1.1283928792647469,26.11328125,2.19741935483871,0.8959677419354838,54.2,,
1991-01-01,9951.916,1167.908,3304.7000000000003,6.426666666666667,8.022833333333333,6.023333333333333,79.33409999999999,3465189.0,0.17943153846153845,,0.9926000049700954,22.515833333333333,2.1865,0.9131666666666667,38.6,,
1991-04-01,10029.51,1167.904,3342.433333333333,5.863333333333333,8.12546875,5.56,79.55106666666667,3537988.0,-0.23757307692307691,,0.36153569773665034,17.14703125,1.7959375,0.7784375,20.0,,
1991-07-01,10080.195,1191.028,3355.3333333333335,5.6433333333333335,7.95,5.376666666666666,80.4458,3665303.0,-0.47662076923076924,,0.14978709459913173,16.63421875,1.74015625,0.8415625,18.6,,
1991-10-01,10115.329,1233.261,3365.933333333333,4.816666666666666,7.345,4.54,80.3142,3801698.0,-0.6139184615384615,,0.026648354109551603,17.4553125,2.056290322580645,1.1019354838709678,16.7,,
1992-01-01,10236.435,1210.478,3395.0333333333333,4.023333333333333,7.3069354838709675,3.893333333333333,79.76903333333333,3881288.0,-0.6658638461538462,,0.04357646589563174,17.564285714285713,1.8946774193548388,0.9722580645161291,10.0,,
1992-04-01,10347.429,1278.935,3397.2333333333336,3.7699999999999996,7.376031746031746,3.6799999999999997,80.6882,3984656.0,-0.8198838461538462,,-0.38967739155978065,15.616349206349208,1.7515873015873016,0.8993650793650795,3.5,,
1992-07-01,10449.673,1289.101,3401.0,3.2566666666666664,6.61875,3.0833333333333335,80.78529999999999,4064621.0,-0.9050653846153847,,-0.383610551491592,13.90203125,2.08546875,1.36171875,-3.4,,
1992-10-01,10558.648,1328.433,3425.0,3.0366666666666666,6.740322580645161,3.0700000000000003,81.11076666666666,4177009.0,-0.7515807692307692,,-0.2218962845867328,14.76109375,2.1253225806451614,1.2772580645161289,5.2,,
1993-01-01,10576.275,1359.751,3415.1,3.0399999999999996,6.258196721311475,2.9600000000000004,81.43676666666666,4230580.0,-0.9565107692307693,,-0.25316000550188,13.255322580645162,2.1268852459016396,1.4647540983606557,3.4,,
1993-04-01,10637.847,1367.575,3430.2000000000003,3.0,5.988095238095238,2.966666666666667,81.2488,4351950.0,-0.9955200000000001,,-0.32177615767185835,12.973174603174602,2.150952380952381,1.4157142857142857,-12.1,,
1993-07-01,10688.606,1358.287,3446.633333333333,3.06,5.6153125,3.0033333333333334,81.217,4411489.0,-1.0799284615384614,,-0.5922328057027296,12.1171875,2.00765625,1.27671875,-25.0,,
1993-10-01,10833.987,1429.661,3467.1,2.99,5.615967741935484,3.06,82.05063333333334,4535687.0,-0.9792657142857143,-0.297,-0.6672019662105674,12.4215625,1.9414516129032255,1.2308064516129034,-20.0,,
1994-01-01,10939.116,1484.116,3476.9,3.2133333333333334,6.090322580645162,3.2433333333333336,82.50166666666667,4575869.0,-0.9431466666666667,-0.272325,-0.792413604492161,13.436190476190477,1.771774193548387,1.0879032258064516,-18.6,,
1994-04-01,11087.361,1557.107,3483.866666666667,3.94,7.089516129032258,3.9866666666666664,83.3348,4645802.0,-0.7316315384615385,-0.12126153846153846,-0.728066281370574,14.51258064516129,1.5117741935483873,0.8591935483870967,-15.5,,
1994-07-01,11152.176,1531.67,3486.6666666666665,4.486666666666667,7.32796875,4.476666666666667,83.63313333333333,4692750.0,-0.7648328571428572,-0.21389285714285713,-0.9281710695893074,12.51625,1.50984375,0.84515625,-10.3,,
1994-10-01,11279.932,1594.684,3485.9666666666667,5.166666666666667,7.837213114754098,5.28,84.50826666666667,4800150.0,-0.5297923076923077,-0.18796153846153846,-0.7545552090769316,15.268730158730158,1.3678688524590163,0.7304918032786886,-22.4,,
1995-01-01,11319.951,1611.428,3491.133333333333,5.81,7.4712903225806455,5.736666666666667,84.54096666666666,4864116.0,-0.5690192307692308,-0.2805923076923077,-0.7650004134618403,11.992380952380952,1.3983870967741936,0.8014516129032258,-10.2,,
1995-04-01,11353.721,1577.96,3524.1,6.02,6.60015873015873,5.596666666666667,83.94026666666666,4951372.0,-0.687953076923077,-0.2559076923076923,-0.9123448413910796,12.19031746031746,1.6166666666666665,1.0417460317460316,-6.8,,
1995-07-01,11450.31,1568.555,3586.1666666666665,5.796666666666667,6.329206349206349,5.366666666666667,83.81383333333333,4973983.0,-0.6996661538461539,-0.2792461538461538,-0.913057722814421,12.472698412698412,1.7326984126984126,1.1084126984126983,-8.6,,
1995-10-01,11528.067,1607.513,3620.933333333333,5.72,5.898548387096774,5.260000000000001,83.46276666666667,4988665.0,-0.7368215384615385,-0.2638615384615385,-0.737195273626149,12.899682539682539,1.7456451612903225,1.090483870967742,-5.2,,
1996-01-01,11614.418,1633.332,3665.5333333333333,5.363333333333333,5.910483870967742,4.93,82.90676666666667,5117786.0,-0.7864792307692308,-0.27216153846153845,-0.8151052092768577,15.398253968253968,1.7990322580645162,1.1359677419354837,6.9,,
1996-04-01,11808.14,1711.813,3709.933333333333,5.243333333333333,6.7140625,5.02,83.52806666666667,5161076.0,-0.7056584615384616,-0.16418461538461537,-0.8882050898025238,16.36825396825397,1.580625,0.8946875,-1.8,,
1996-07-01,11914.063,1789.565,3744.8333333333335,5.306666666666667,6.7759375,5.096666666666667,83.46243333333332,5224811.0,-0.7303492307692309,-0.15879230769230768,-0.9470089331924783,16.7784375,1.51359375,0.81015625,-7.4,,
1996-10-01,12037.775,1787.19,3795.5,5.28,6.354193548387096,4.976666666666667,83.48426666666667,5323172.0,-0.7582138461538462,-0.16457692307692307,-0.846633268774708,17.20625,1.5688709677419355,0.8859677419354839,-8.6,3.13,0.83
1997-01-01,12115.472,1823.255,3847.366666666667,5.276666666666666,6.566999999999999,5.06,83.85153333333334,5380890.0,-0.7163323076923077,-0.29730769230769233,-0.837208625130681,19.9165,1.5090000000000001,0.863,-8.9,2.897377049180328,0.8029508196721311
1997-04-01,12317.221,1935.157,3890.7333333333336,5.523333333333333,6.6996875000000005,5.046666666666667,83.78206666666667,5376151.0,-0.6416438461538461,-0.20775384615384615,-0.6746774600246402,19.92296875,1.489375,0.87671875,-10.3,2.747230769230769,0.7732307692307692
1997-07-01,12471.01,1962.053,3951.4666666666667,5.533333333333334,6.2421875,5.046666666666667,84.28836666666666,5413146.0,-0.6486753846153845,-0.25585384615384615,-0.6014784591165577,22.445,1.5165625,0.92734375,-5.8,2.620461538461538,0.7438461538461538
1997-10-01,12577.495,1990.86,4013.3333333333335,5.506666666666667,5.906290322580645,5.09,84.7877,5502388.0,-0.51605,-0.041207692307692306,-0.13728825573200357,27.092380952380953,1.5338709677419355,0.9724193548387097,-7.0,2.7806060606060607,0.8490909090909091
1998-01-01,12703.742,2078.205,4086.4666666666667,5.52,5.590983606557377,5.053333333333334,84.04039999999999,5542426.0,-0.6082184615384615,-0.2725,-0.17365362948126054,21.324590163934424,1.6683606557377049,1.0788524590163935,1.8,2.926769230769231,0.9850769230769231
1998-04-01,12821.339,2065.336,4162.900000000001,5.5,5.593015873015873,4.976666666666667,82.97366666666666,5547935.0,-0.5886584615384616,-0.2062,-0.17702588627132143,21.534285714285716,1.6584126984126986,1.0453968253968253,-7.1,3.032769230769231,0.9807692307692307
1998-07-01,12982.752,2118.989,4233.400000000001,5.533333333333334,5.20734375,4.823333333333333,82.21726666666666,5526193.0,-0.3805430769230769,0.26158461538461536,0.6508252539937134,29.75171875,1.91984375,1.28609375,0.0,4.290454545454546,1.3046969696969697
1998-10-01,13191.67,2183.382,4343.366666666667,4.86,4.661935483870968,4.253333333333333,82.18990000000001,5614217.0,-0.07508923076923077,0.6683153846153846,1.2009575040651514,29.5371875,2.5837096774193546,1.6675806451612902,36.4,5.904696969696969,1.8313636363636365
1999-01-01,13315.597,2243.548,4420.466666666667,4.733333333333333,5.000819672131148,4.406666666666667,82.09196666666666,5651615.0,-0.3139676923076923,0.20623076923076925,0.9731341272032591,27.252786885245904,2.411311475409836,1.4314754098360654,7.4,5.3609230769230765,1.5866153846153845
1999-04-01,13426.748,2244.682,4485.166666666667,4.746666666666667,5.54125,4.453333333333333,81.93286666666667,5638780.0,-0.40237384615384614,0.0865,0.5050800062711923,24.395555555555557,2.19796875,1.39328125,10.0,4.804769230769231,1.4623076923076923
1999-07-01,13604.771,2306.47,4552.3,5.093333333333334,5.88296875,4.6499999999999995,81.7611,5656271.0,-0.19047461538461535,0.23385384615384613,0.5968694295877476,23.320625,2.219375,1.445625,5.4,4.885223880597015,1.6110447761194029
1999-10-01,13827.98,2367.988,4614.599999999999,5.306666666666667,6.14483870967742,5.043333333333334,82.2781,5776091.0,-0.13824642857142858,0.22016428571428573,0.676536792607226,22.65828125,2.0920967741935486,1.3437096774193549,9.1,4.9491044776119395,1.6143283582089551
2000-01-01,13878.147,2351.223,4686.733333333334,5.676666666666667,6.468412698412698,5.5200000000000005,82.1844,5773392.0,-0.17536461538461537,0.03983076923076923,0.7930421465709679,23.15031746031746,1.8623809523809522,1.2431746031746032,10.9,5.029230769230769,1.609076923076923
2000-04-01,14130.908,2490.501,4765.7,6.273333333333333,6.184920634920634,5.713333333333334,82.33373333333333,5685938.0,-0.0064823076923076935,0.41343846153846153,1.44868083993907,24.923968253968255,2.419206349206349,1.5876190476190475,24.6,5.962615384615384,2.1392307692307693
2000-07-01,14145.312,2466.375,4822.0,6.52,5.88984126984127,6.016666666666667,81.48403333333333,5674179.0,-0.15412538461538464,0.08845384615384616,0.9455341042577796,19.16904761904762,2.423174603174603,1.7126984126984128,33.9,6.316363636363636,2.1515151515151514
2000-10-01,14229.765,2471.534,4893.866666666667,6.473333333333334,5.570645161290322,6.016666666666667,80.50106666666666,5662216.0,-0.12617153846153847,0.47816923076923074,1.4268497740895498,26.016666666666666,2.6469354838709678,1.837258064516129,43.9,8.117846153846154,2.496923076923077
2001-01-01,14183.12,2358.969,5023.366666666667,5.593333333333334,5.0441935483870965,4.816666666666666,78.78026666666666,5773740.0,-0.23739615384615384,0.5351538461538461,1.3030160350627134,25.726451612903226,2.8375806451612906,2.0301612903225807,59.6,8.006,2.4221538461538463
2001-04-01,14271.694,2362.652,5152.133333333334,4.326666666666667,5.276190476190476,3.66,77.1047,5726815.0,-0.3868930769230769,0.5142923076923077,0.9492428972595683,23.923809523809524,2.7622222222222224,1.9477777777777776,50.9,8.063846153846153,2.208923076923077
2001-07-01,14214.516,2311.409,5269.633333333334,3.4966666666666666,4.995737704918033,3.17,75.39936666666667,5807464.0,-0.44605923076923076,0.6174615384615385,0.8577280441680784,25.380338983050848,2.9445901639344263,2.1065573770491803,40.4,8.465238095238094,2.1458730158730157
2001-10-01,14253.574,2196.554,5390.599999999999,2.1333333333333333,4.762096774193548,1.906666666666667,74.0767,5943439.0,-0.3751161538461538,0.7573769230769231,0.9101303713651633,27.91,3.1649180327868853,2.172950819672131,50.9,8.995076923076923,2.4218461538461535
2002-01-01,14372.785,2262.071,5484.366666666666,1.7333333333333334,5.079166666666667,1.72,74.19503333333334,6006032.0,-0.47480076923076925,0.42005384615384617,0.442551981587654,21.360833333333336,2.8758333333333335,1.5433333333333332,45.5,7.862698412698412,2.355714285714286
2002-04-01,14460.848,2298.939,5527.900000000001,1.75,5.10609375,1.7133333333333332,75.1012,6126469.0,-0.5877761538461539,0.4400769230769231,0.4771056475718036,21.643125,2.9196875,1.61078125,25.0,7.372727272727273,2.549848484848485
2002-07-01,14519.633,2295.983,5632.2,1.74,4.27234375,1.6433333333333333,75.48466666666667,6228236.0,-0.4174830769230769,1.0907615384615386,1.2140084257151933,35.0684375,3.36,2.08484375,21.4,9.659850746268658,3.201492537313433
2002-10-01,14537.58,2293.746,5748.2,1.4433333333333334,4.004838709677419,1.3333333333333333,75.5209,6405707.0,-0.42571846153846155,0.9414769230769231,1.0372480450634056,30.72671875,3.5966129032258065,2.2758064516129033,20.0,9.788787878787877,3.2193939393939393
2003-01-01,14614.141,2312.465,5842.900000000001,1.25,3.92,1.1566666666666665,76.10363333333333,6460776.0,-0.5347307692307692,0.7383,0.5105869447772113,30.022622950819674,3.1998360655737703,2.085245901639344,22.0,8.216031746031746,2.4912698412698413
2003-04-01,14743.567,2327.492,5957.666666666667,1.2466666666666668,3.6206349206349207,1.04,75.64793333333334,6670121.0,-0.6947961538461539,0.3472461538461538,-0.0029148032984089023,21.531269841269843,2.8531746031746033,1.6887301587301586,8.9,6.66476923076923,1.973846153846154
2003-07-01,14988.782,2411.638,6078.633333333334,1.0166666666666666,4.22765625,0.93,76.20103333333333,6783320.0,-0.6937146153846154,0.16976153846153846,-0.32540528637016036,19.32015625,2.57546875,1.46515625,3.4,5.681641791044776,1.6859701492537313
2003-10-01,15162.76,2493.928,6073.099999999999,0.9966666666666667,4.285161290322581,0.9166666666666666,76.95026666666666,6997964.0,-0.7157084615384615,-0.21449230769230768,-0.5247472021518372,17.4271875,2.3774193548387097,1.3704838709677418,0.0,4.610757575757575,1.4425757575757576
2004-01-01,15248.68,2498.14,6120.599999999999,1.0033333333333332,4.01,0.9166666666666666,77.50553333333333,7131068.0,-0.7939284615384616,-0.4144538461538462,-0.6166829107183917,16.65806451612903,2.2562903225806448,1.4370967741935483,-17.9,4.202272727272728,1.2942424242424242
2004-04-01,15366.85,2597.507,6250.833333333333,1.01,4.597096774193548,1.0766666666666667,77.96996666666666,7274335.0,-0.7288546153846153,-0.5165076923076923,-0.5495928078372656,16.21126984126984,2.064838709677419,1.3288709677419355,-22.8,4.09796875,1.3
2004-07-01,15512.619,2638.672,6320.366666666666,1.4333333333333333,4.30140625,1.4866666666666666,78.429,7379053.0,-0.7002715384615384,-0.5426923076923077,-0.6112819802622457,15.4421875,2.15015625,1.34203125,-20.0,3.989253731343283,1.2874626865671643
2004-10-01,15670.88,2693.575,6403.533333333333,1.95,4.175806451612903,2.0066666666666664,79.47033333333333,7596143.0,-0.7097535714285714,-0.7253071428571428,-0.591220909416912,13.65140625,2.0103225806451612,1.308064516129032,-21.1,3.373333333333333,1.1707575757575757
2005-01-01,15844.727,2769.261,6439.333333333333,2.47,4.303606557377049,2.5366666666666666,80.42386666666667,7776939.0,-0.7010624999999999,-0.83535,-0.7522543273219219,12.787049180327868,1.6667213114754098,1.020655737704918,-23.6,3.075714285714286,1.1634920634920634
2005-04-01,15922.782,2733.225,6484.166666666667,2.9433333333333334,4.15859375,2.8633333333333333,80.60273333333333,7836496.0,-0.6143884615384615,-0.6997461538461539,-0.4948640014191057,13.40734375,1.81078125,0.985,-24.1,3.9706060606060607,1.4696969696969697
2005-07-01,16047.587,2769.106,6576.633333333334,3.4599999999999995,4.21515625,3.36,79.90976666666667,7932710.0,-0.5997514285714286,-0.8299642857142857,-0.6406850557317253,12.25078125,1.7659375,0.878125,-16.7,3.50044776119403,1.2414925373134327
2005-10-01,16136.734,2857.35,6664.133333333334,3.98,4.488196721311475,3.8266666666666667,80.26586666666667,8170413.0,-0.5774338461538462,-0.7516846153846154,-0.495870784591912,12.781746031746032,1.8478688524590163,0.8881967213114754,-8.8,3.6207692307692305,1.317846153846154
2006-01-01,16353.835,2899.229,6751.366666666666,4.456666666666667,4.577096774193548,4.3933333333333335,80.65993333333334,8371156.0,-0.6172353846153846,-0.9984153846153846,-0.5568781016783534,12.04241935483871,1.7346774193548387,0.8193548387096775,-10.7,3.37421875,1.1575
2006-04-01,16396.151,2882.564,6824.133333333334,4.906666666666667,5.072698412698412,4.703333333333333,80.72783333333332,8420042.0,-0.5872415384615384,-0.9330923076923077,-0.542774161395624,14.528730158730157,1.665079365079365,0.8247619047619048,-12.3,3.120307692307692,1.1738461538461538
2006-07-01,16420.738,2871.589,6923.7,5.246666666666667,4.893492063492064,4.906666666666666,80.58916666666667,8506974.0,-0.5826438461538461,-0.9067384615384615,-0.5193822485630276,13.607936507936508,1.6996825396825397,0.7873015873015873,-8.9,3.4065151515151517,1.2716666666666667
2006-10-01,16561.866,2818.228,7039.666666666667,5.246666666666667,4.630645161290323,4.903333333333333,80.2484,8680224.0,-0.6265223076923078,-0.945376923076923,-0.6925093995982508,11.034920634920635,1.6525806451612903,0.7582258064516129,0.0,3.1316923076923078,1.2364615384615385
2007-01-01,16611.69,2800.037,7140.266666666666,5.256666666666667,4.679032258064517,4.983333333333333,80.52006666666666,8849665.0,-0.6540969230769231,-0.9871692307692308,-0.6553152504465717,12.56360655737705,1.6166129032258065,0.6833870967741935,0.0,2.753230769230769,1.1744615384615384
2007-04-01,16713.314,2827.01,7261.033333333333,5.25,4.84609375,4.736666666666667,81.00063333333334,8867677.0,-0.5655861538461538,-0.885423076923077,-0.48243687014756537,13.731904761904762,1.64421875,0.73109375,-3.8,2.63734375,1.20265625
2007-07-01,16809.587,2794.526,7375.5,5.073333333333333,4.738412698412698,4.303333333333334,80.82413333333334,9007653.0,-0.06285461538461538,0.4426,0.2826440651108947,21.589206349206346,1.8957142857142857,1.0157142857142858,7.5,4.02590909090909,1.621060606060606
2007-10-01,16915.191,2762.518,7455.2,4.496666666666667,4.266612903225807,3.39,80.97756666666668,9229172.0,0.27070384615384613,1.245969230769231,0.7853868995002582,22.02984375,2.239193548387097,1.2670967741935484,19.2,5.022,2.0793846153846154
2008-01-01,16843.003,2686.998,7597.166666666667,3.1766666666666663,3.6652459016393446,2.0433333333333334,80.7844,9437594.0,0.6483753846153846,1.5616923076923077,1.5779606112648101,26.120163934426227,3.083606557377049,1.7875409836065572,32.1,7.354603174603175,2.967936507936508
2008-04-01,16943.291,2641.85,7727.2,2.0866666666666664,3.8815625000000002,1.6266666666666667,79.65086666666667,9492006.0,0.6275138461538461,1.4070153846153846,1.4377356229908032,20.67296875,3.108125,1.7184375,55.4,6.935909090909091,3.0222727272727274
2008-07-01,16854.295,2589.254,7823.133333333334,1.9400000000000002,3.8621875,1.4933333333333332,76.99306666666666,10024725.0,0.9290884615384616,2.0825692307692307,2.33779294987674,25.0734375,3.34375,1.78953125,57.7,8.369850746268657,3.485970149253731
2008-10-01,16485.35,2338.938,8068.866666666666,0.5066666666666667,3.234677419354839,0.2966666666666667,73.41863333333333,10699805.0,2.7574615384615386,7.167461538461539,5.719001965854823,58.6046875,5.580967741935484,2.5625806451612902,83.6,17.691363636363636,7.015757575757576
2009-01-01,16298.262,2073.135,8331.566666666666,0.18333333333333335,2.7362295081967214,0.21333333333333335,69.01729999999999,11126941.0,2.1604607692307694,3.9622153846153845,5.145164806648226,45.0,5.488524590163935,2.5413114754098363,64.2,17.04353846153846,7.030461538461538
2009-04-01,16269.145,1952.641,8433.199999999999,0.18000000000000002,3.320793650793651,0.17333333333333334,66.9192,11545275.0,1.119753846153846,1.9612769230769231,3.2519937923527764,33.01571428571428,4.652222222222222,2.191904761904762,39.6,12.929076923076924,5.647538461538461
2009-07-01,16326.281,1946.867,8462.699999999999,0.15666666666666665,3.5178125,0.15666666666666665,68.04146666666666,11909828.0,0.34316307692307696,0.6617307692307691,1.3534824280989988,25.48625,3.1478125,1.75,31.5,9.25090909090909,3.590757575757576
2009-10-01,16502.754,2128.516,8505.699999999999,0.12,3.4640322580645164,0.05666666666666667,69.4456,12311349.0,-0.01906461538461538,0.13556153846153846,0.7649805991034696,23.071875,2.863225806451613,1.735,14.0,7.423484848484848,2.830909090909091
2010-01-01,16582.71,2174.335,8509.5,0.13333333333333333,3.7178688524590164,0.10666666666666667,71.23693333333334,12773123.0,-0.2522876923076923,-0.2453153846153846,0.3116990736160467,20.149672131147543,2.5693442622950817,1.5745901639344262,-5.5,6.352153846153846,2.2798461538461536
2010-04-01,16743.162,2288.469,8597.300000000001,0.19333333333333336,3.4925,0.14666666666666667,73.0323,13201792.0,-0.23022076923076923,0.27611538461538465,0.33046183210563035,26.391428571428573,2.69015625,1.5540625,-7.1,6.380625,2.28390625
2010-07-01,16872.266,2390.072,8682.033333333333,0.18666666666666668,2.78453125,0.15666666666666665,74.3656,13561622.0,-0.2474076923076923,0.3308846153846154,0.2808856623277796,24.28359375,2.9909375,1.794375,-8.8,6.6538805970149255,2.445820895522388
2010-10-01,16960.864,2383.297,8793.366666666667,0.18666666666666668,2.8783870967741936,0.1366666666666667,74.92996666666666,14025215.0,-0.4458578571428572,-0.13302142857142857,0.020844102355556563,19.318437499999998,3.0383870967741933,1.9819354838709677,-10.5,5.806865671641791,2.2313432835820897
2011-01-01,16920.632,2338.901,8906.866666666667,0.15666666666666668,3.4574193548387098,0.12666666666666668,75.4472,14270114.0,-0.5730558333333333,-0.27718333333333334,-0.325505533344274,18.614838709677418,2.6291935483870965,1.672258064516129,-10.5,4.875,1.9671874999999999
2011-04-01,17035.114,2434.538,9103.066666666668,0.09333333333333334,3.2014285714285715,0.04666666666666667,75.70786666666667,14343087.0,-0.5692815384615385,-0.31633846153846157,-0.32754582863365234,17.482380952380954,2.646190476190476,1.8326984126984125,-16.4,5.004923076923077,1.9335384615384614
2011-07-01,17031.313,2445.296,9469.466666666667,0.08333333333333333,2.41421875,0.023333333333333334,76.36966666666666,14790340.0,-0.2545992857142857,0.42825714285714284,0.490018599394683,30.58359375,3.041875,2.03640625,-21.8,6.704477611940298,2.4397014925373135
2011-10-01,17222.583,2633.829,9628.166666666666,0.07333333333333335,2.0467213114754097,0.013333333333333334,76.81336666666665,15222940.0,-0.09295076923076923,0.7765230769230769,0.6658828354867586,29.93952380952381,3.2065573770491804,1.8795081967213116,-5.9,7.673692307692308,3.013846153846154
2012-01-01,17367.01,2692.179,9799.433333333332,0.10333333333333333,2.04,0.06666666666666667,77.15063333333333,15606518.0,-0.36739846153846156,0.1776076923076923,0.12788513193443854,18.20403225806452,3.162258064516129,1.8575806451612904,5.4,6.335692307692308,2.707692307692308
2012-04-01,17444.525,2752.614,9951.699999999999,0.15333333333333335,1.82578125,0.08666666666666667,77.19763333333333,15855037.0,-0.3189315384615385,0.18058461538461537,0.060128303641795805,20.035714285714285,3.268125,1.97515625,-6.9,6.413076923076924,2.6670769230769227
2012-07-01,17469.65,2759.86,10139.300000000001,0.14333333333333334,1.6412698412698414,0.10333333333333333,76.7646,16066240.0,-0.4253646153846154,-0.15034615384615385,-0.20706245392877123,16.192698412698412,3.2344444444444447,1.8103174603174603,-9.5,5.967878787878788,2.473939393939394
2012-10-01,17489.852,2736.423,10369.433333333334,0.16,1.7070491803278687,0.08666666666666667,76.74873333333333,16432730.0,-0.5625661538461538,-0.4506307692307692,-0.35896781968086194,16.752903225806453,2.8672131147540982,1.8299999999999998,-7.6,5.5165625,2.0890625
2013-01-01,17662.4,2845.38,10528.800000000001,0.14333333333333334,1.951,0.08666666666666667,76.98886666666667,16771381.0,-0.6505730769230769,-0.6382153846153845,-0.5388209653616617,13.527,2.859,1.9229999999999998,-7.4,4.903968253968253,1.9550793650793652
2013-04-01,17709.671,2882.489,10641.833333333334,0.11666666666666665,1.98625,0.049999999999999996,77.06596666666667,16738320.0,-0.6883576923076924,-0.44578461538461533,-0.48022773536573865,14.837031249999999,2.83828125,1.96953125,-19.1,4.723181818181819,1.9957575757575758
2013-07-01,17860.45,2998.991,10789.300000000001,0.08333333333333333,2.7065625,0.03333333333333333,77.16086666666666,16738180.0,-0.6660638461538462,-0.3446,-0.6024373638505133,14.2796875,2.69578125,1.798125,-18.1,4.7393846153846155,2.0938461538461537
2013-10-01,18016.147,3027.805,11000.666666666666,0.08666666666666667,2.7441935483870967,0.06333333333333334,77.49056666666667,17156119.0,-0.7522392307692307,-0.5348538461538461,-0.7997039472325017,14.2328125,2.6129032258064515,1.8469354838709677,-8.3,4.328030303030303,1.9213636363636364
2014-01-01,17953.974,2998.148,11172.366666666667,0.07333333333333335,2.7654098360655737,0.04666666666666667,77.8305,17601227.0,-0.7774415384615385,-0.5837076923076923,-0.8018576062253033,14.828852459016392,2.3540983606557377,1.6742622950819672,-13.7,3.9342857142857146,1.6995238095238094
2014-04-01,18185.911,3121.321,11324.5,0.09333333333333334,2.620952380952381,0.03333333333333333,78.68853333333334,17632606.0,-0.7845807692307692,-0.7177615384615385,-0.9478518743008119,12.738253968253968,2.2009523809523808,1.5963492063492062,-11.1,3.6456923076923076,1.5096923076923077
2014-07-01,18406.941,3193.152,11467.300000000001,0.09000000000000001,2.49953125,0.02666666666666667,78.894,17824071.0,-0.7307569230769231,-0.6172538461538462,-0.867455025356203,13.07265625,2.2428125,1.61765625,-10.7,3.89134328358209,1.4886567164179103
2014-10-01,18500.031,3203.351,11631.633333333333,0.09999999999999999,2.2759677419354842,0.023333333333333334,79.1348,18141444.0,-0.6379015384615384,-0.2914230769230769,-0.5258180642521529,16.07234375,2.4577419354838708,1.5961290322580646,-10.5,4.683484848484849,1.7836363636363637
2015-01-01,18666.621,3314.895,11865.1,0.11,1.9688524590163934,0.02666666666666667,78.13856666666668,18152056.0,-0.525016923076923,-0.12101538461538461,-0.3529449791169847,16.564754098360655,2.5324590163934424,1.6026229508196723,-5.5,4.8865625,1.955625
2015-04-01,18782.243,3328.049,11968.5,0.12333333333333334,2.164375,0.02,77.0451,18151998.0,-0.5465315384615385,-0.2887461538461539,-0.635041508731369,13.740158730158731,2.6665625,1.73125,-5.3,4.5996875,1.8078125
2015-07-01,18857.418,3335.27,12098.566666666666,0.1366666666666667,2.223125,0.04,77.14766666666667,18150618.0,-0.46343230769230775,0.08266923076923077,-0.2629098006324762,19.30734375,3.01984375,1.86296875,-7.0,5.535757575757576,2.131666666666667
2015-10-01,18892.206,3315.334,12290.233333333332,0.16,2.190483870967742,0.12333333333333334,76.14383333333335,18922179.0,-0.4337130769230769,0.19553846153846152,-0.2263571558818249,17.03328125,3.226935483870968,1.7998387096774193,7.4,6.402424242424242,2.292272727272727
2016-01-01,19001.69,3301.09,12570.6,0.36000000000000004,1.9142622950819672,0.2866666666666667,75.67086666666667,19264939.0,-0.32392,0.5544307692307693,0.2703923672060919,20.486229508196722,3.3844262295081964,2.007049180327869,8.2,7.6015625,2.6814062499999998
2016-04-01,19062.709,3287.033,12772.433333333334,0.37333333333333335,1.75015625,0.25666666666666665,75.3767,19381591.0,-0.37498923076923074,0.1823846153846154,-0.15298885338114235,15.6759375,2.91,1.83625,11.6,6.328181818181818,2.129848484848485
2016-07-01,19197.938,3301.079,12965.566666666666,0.39666666666666667,1.564375,0.29666666666666663,75.44346666666667,19573445.0,-0.35025500000000004,0.2611928571428571,-0.2945611568286253,13.23390625,2.6925,1.77359375,8.5,5.3638805970149255,1.907910447761194
2016-10-01,19304.352,3391.749,13171.166666666666,0.45,2.138688524590164,0.43,75.228,19976827.0,-0.4133215384615384,0.021384615384615387,-0.42534683587344774,14.097936507936508,2.501639344262295,1.6749180327868853,1.5,4.634615384615385,1.7426153846153845
2017-01-01,19398.343,3382.703,13365.233333333332,0.7000000000000001,2.4466129032258066,0.59,75.20413333333333,19846420.0,-0.48529999999999995,-0.24868461538461537,-0.6113094525794404,11.691935483870967,2.2158064516129032,1.5156451612903226,1.4,3.92125,1.5796875000000001
2017-04-01,19506.949,3435.929,13526.300000000001,0.9500000000000001,2.260952380952381,0.89,76.39433333333334,19844554.0,-0.5336592307692307,-0.5303615384615384,-0.6145000223037177,11.426349206349206,2.231904761904762,1.5350793650793653,-2.8,3.7975384615384615,1.5181538461538462
2017-07-01,19660.766,3493.166,13670.699999999999,1.1533333333333333,2.2414285714285715,1.0366666666666668,76.33973333333334,20244900.0,-0.5693907692307693,-0.5871,-0.7236892065607786,10.944285714285714,2.0917460317460317,1.4115873015873015,-3.9,3.7504545454545455,1.4334848484848486
2017-10-01,19882.352,3558.859,13823.366666666667,1.2033333333333334,2.371451612903226,1.2066666666666668,77.62093333333333,20492747.0,-0.6030630769230769,-0.6994615384615385,-0.7691393761534874,10.307936507936507,1.8983606557377048,1.1888524590163934,-8.5,3.591846153846154,1.322923076923077
2018-01-01,20044.077,3612.936,13925.9,1.4466666666666665,2.7585245901639346,1.5599999999999998,78.21143333333333,21089643.0,-0.5629884615384616,-0.25845384615384615,-0.6709827327454629,17.354754098360658,1.7085245901639343,0.9847540983606557,-10.0,3.5090625,1.275
2018-04-01,20150.476,3612.389,14050.933333333334,1.7366666666666666,2.920625,1.8399999999999999,79.18943333333333,21195070.0,-0.5450630769230769,-0.11633076923076922,-0.518422144613136,15.3375,1.8565625000000001,1.0125,-11.3,3.4645454545454544,1.4801515151515152
2018-07-01,20276.154,3722.248,14188.866666666667,1.9233333333333331,2.9238095238095236,2.0399999999999996,79.77413333333332,21516058.0,-0.5803715384615384,-0.5641692307692308,-0.6462929679897763,12.856825396825396,1.8861904761904762,0.9852380952380952,-15.9,3.463030303030303,1.5056060606060606
2018-10-01,20304.874,3724.752,14294.633333333333,2.22,3.0411475409836064,2.316666666666667,79.75553333333333,21974096.0,-0.5006661538461539,-0.0913,-0.26289205637742386,21.053650793650796,2.0975409836065575,1.0862295081967215,-15.9,4.070615384615384,1.6823076923076923
2019-01-01,20431.641,3755.53,14484.133333333333,2.4033333333333333,2.652950819672131,2.3866666666666667,78.74126666666666,22027880.0,-0.5479623076923077,-0.31259230769230767,-0.34014978929056133,16.47,2.315409836065574,1.1793442622950818,2.8,4.2403125,1.7606249999999999
2019-04-01,20602.275,3790.049,14659.066666666666,2.3966666666666665,2.338888888888889,2.3000000000000003,77.97843333333333,22023283.0,-0.5959184615384616,-0.47725384615384614,-0.41829800093409997,15.183015873015872,2.261111111111111,1.2617460317460316,-4.2,4.0218461538461545,1.5887692307692307
2019-07-01,20843.322,3819.94,14939.466666666667,2.19,1.79796875,1.9799999999999998,77.6879,22719402.0,-0.54852,-0.1838923076923077,-0.43087901505918064,15.96015625,2.2278125,1.305,-2.8,4.0823880597014925,1.5650746268656717
2019-10-01,20985.448,3770.431,15263.633333333333,1.6433333333333333,1.7919354838709676,1.5766666666666669,77.06783333333333,23201380.0,-0.5546238461538462,-0.10085384615384616,-0.5686846834219567,13.98578125,2.1222580645161293,1.230967741935484,5.4,3.9610769230769227,1.4466153846153846
2020-01-01,20709.212,3676.274,15625.433333333334,1.26,1.365,1.11,75.6947,23223813.0,-0.3475730769230769,1.0187923076923076,0.45275052662961474,31.22451612903226,2.5408064516129034,1.5537096774193548,0.0,5.1443076923076925,1.9816923076923076
2020-04-01,19077.992,3163.508,17666.3,0.06,0.6876190476190476,0.14333333333333334,66.26463333333334,26477241.0,-0.07205,1.1408307692307693,1.067703831326509,34.493650793650794,3.215079365079365,1.7673015873015874,41.5,7.148923076923077,2.713846153846154
2020-07-01,20558.879,3755.526,18419.399999999998,0.09333333333333334,0.650625,0.11333333333333334,72.79153333333333,26945391.0,-0.47815846153846153,-0.03629230769230769,0.13874813655849386,25.80890625,2.6665625,1.5826562499999999,71.2,5.369848484848484,1.8234848484848485
2020-10-01,20791.917,3878.929,18954.333333333332,0.09000000000000001,0.864516129032258,0.09333333333333334,74.50586666666668,27747798.0,-0.5409607692307692,-0.21428461538461538,0.040795481391708,25.62171875,2.4332258064516132,1.4406451612903226,37.7,4.548636363636363,1.5378787878787878
2021-01-01,21082.134,3849.329,19593.066666666666,0.08,1.3359016393442622,0.049999999999999996,75.11993333333334,28132570.0,-0.6263092307692308,-0.5208538461538461,-0.334359454872832,23.20245901639344,2.1511475409836067,1.4129508196721312,5.5,3.615846153846154,1.2418461538461538
2021-04-01,21440.929,3799.029,20354.966666666667,0.07,1.59078125,0.02666666666666667,76.79643333333333,28529436.0,-0.6835392307692308,-0.7779615384615385,-0.7644549009648117,18.0,1.9646031746031745,1.2890476190476192,-15.1,3.2575,1.1378125
2021-07-01,21617.828,3937.3,20806.066666666666,0.09000000000000001,1.32484375,0.04666666666666667,77.4717,28428919.0,-0.6575838461538462,-0.7166153846153847,-0.7321652985987832,18.28734375,1.91328125,1.22390625,-32.4,3.2034328358208954,1.1255223880597014
2021-10-01,21988.737,4191.773,21309.933333333334,0.08,1.5333870967741934,0.05333333333333334,78.30483333333333,29617215.0,-0.5894707142857143,-0.6506428571428572,-0.6298875725903756,19.27515625,1.7768852459016393,1.11672131147541,-18.2,3.2143939393939394,1.1628787878787878
2022-01-01,21932.71,4272.382,21664.466666666664,0.12,1.9511290322580646,0.3066666666666667,78.56366666666666,30400960.0,-0.47526833333333335,-0.31150833333333333,-0.258563742999481,25.372903225806454,2.0141935483870967,1.2648387096774194,-14.5,3.5590625,1.4503125
2022-04-01,21967.045,4176.99,21694.533333333336,0.77,2.9325806451612904,1.0766666666666667,78.86336666666666,30568582.0,-0.2889761538461538,0.010107692307692307,-0.11190798552498543,27.3984375,2.0875806451612906,1.116774193548387,-1.5,4.3472307692307695,1.7244615384615385
2022-07-01,22125.625,4105.292,21589.766666666666,2.19,3.10109375,2.6633333333333336,78.6243,30928912.0,-0.18908285714285714,-0.08215714285714285,-0.05830730152831196,24.792727272727273,2.248125,1.13484375,24.2,4.931492537313433,1.891641791044776
2022-10-01,22278.345,4184.98,21333.833333333332,3.653333333333333,3.82672131147541,4.04,77.92403333333333,31419689.0,-0.1633753846153846,-0.09472307692307692,0.14201731928429315,25.00265625,2.140327868852459,0.9765573770491803,39.1,4.748923076923077,1.8752307692307693
2023-01-01,22439.607,4108.542,21088.600000000002,4.516666666666667,3.646290322580645,4.626666666666667,77.6708,31458438.0,-0.2522476923076923,-0.21908461538461535,0.0855076457719444,20.6840625,1.9627419354838709,0.8766129032258064,44.8,4.42390625,1.65640625
2023-04-01,22580.499,4180.752,20771.2,4.989999999999999,3.5957142857142856,5.073333333333333,77.4281,32332274.0,-0.20592999999999997,-0.4793538461538462,0.20581927107851636,16.44125,2.091774193548387,1.0006451612903227,46.0,4.517076923076924,1.7413846153846153
2023-07-01,22840.989,4275.527,20746.433333333334,5.260000000000001,4.14968253968254,5.29,77.32453333333333,33167334.0,-0.3083815384615385,-0.6894923076923077,-0.1535023917535107,15.01323076923077,1.8241269841269843,0.7665079365079365,50.8,3.909242424242424,1.5254545454545456
2023-10-01,23033.78,4313.169,20695.100000000002,5.33,4.4470967741935485,5.283333333333333,76.9417,34001494.0,-0.3220069230769231,-0.5275384615384616,-0.23409485168182975,15.28625,1.749516129032258,0.7722580645161291,33.9,3.9779999999999998,1.4783076923076923
2024-01-01,23082.119,4296.251,20845.033333333333,5.33,4.15639344262295,5.233333333333333,76.28876666666666,34586533.0,-0.4178453846153846,-0.7662307692307693,-0.46234477852195566,13.712539682539683,1.5749180327868855,0.809016393442623,14.5,3.365,1.22484375
2024-04-01,23286.508,4381.983,20990.433333333334,5.33,4.448730158730158,5.243333333333333,76.645,34831634.0,-0.41232153846153846,-0.8268538461538462,-0.6030420873515977,13.980307692307692,1.4803174603174605,0.7752380952380953,15.6,3.180151515151515,1.1342424242424243
2024-07-01,23478.57,4392.176,21170.899999999998,5.263333333333333,3.9546875,4.989999999999999,75.9953,35464674.0,-0.39006230769230765,-0.5316538461538461,-0.390153087483237,17.066666666666666,1.67140625,0.94125,7.9,3.259850746268657,1.1983582089552238
2024-10-01,23586.542,4315.564,21380.166666666668,4.6499999999999995,4.275483870967742,4.3999999999999995,75.47279999999999,36218605.0,-0.4642707692307692,-0.557076923076923,-0.522151092464872,17.363230769230768,1.459032258064516,0.8151612903225807,0.0,2.796666666666667,1.0321212121212122
2025-01-01,23548.21,4547.947,21564.566666666666,4.33,4.453606557377049,4.21,75.9928,36214310.0,-0.4826369230769231,-0.6669615384615385,-0.7048547998510507,18.52111111111111,1.5249180327868852,0.9045901639344263,6.2,2.866984126984127,1.06
2025-04-01,23770.976,4382.819,21846.766666666666,4.33,4.361774193548388,4.23,76.0487,36211469.0,-0.4402046153846154,-0.42343846153846154,-0.3564277844015087,23.56140625,1.8451612903225807,1.1241935483870968,18.5,3.500153846153846,1.2312307692307694
2025-07-01,,,22116.566666666666,4.293333333333333,4.26109375,4.096666666666667,75.97453333333333,,-0.5247192307692308,-0.6711846153846154,-0.7860058518670626,15.983030303030304,1.716875,1.07875,9.5,2.8604477611940298,0.9940298507462686
2025-10-01,,,22298.1,3.985,4.084897959183674,3.8,,,-0.527147,-0.41118,-0.6525609364911791,18.397884615384616,1.7206122448979593,1.1183673469387754,6.5,2.9815094339622643,1.018679245283019
