DATE,GDPMC1,GPDIC1,M2SL,TCU,FEDFUNDS,DGS10,TB3MS,UNRATE
1947-01-01,1934471.0,227.242,,,,,0.38,
1947-02-01,1934471.0,227.242,,,,,0.38,
1947-03-01,1934471.0,227.242,,,,,0.38,
1947-04-01,1932281.0,209.836,,,,,0.38,
1947-05-01,1932281.0,209.836,,,,,0.38,
1947-06-01,1932281.0,209.836,,,,,0.38,
1947-07-01,1930315.0,203.662,,,,,0.66,
1947-08-01,1930315.0,203.662,,,,,0.75,
1947-09-01,1930315.0,203.662,,,,,0.8,
1947-10-01,1960705.0,243.072,,,,,0.85,
1947-11-01,1960705.0,243.072,,,,,0.92,
1947-12-01,1960705.0,243.072,,,,,0.95,
1948-01-01,1989535.0,268.012,,,,,0.97,3.4
1948-02-01,1989535.0,268.012,,,,,1.0,3.8
1948-03-01,1989535.0,268.012,,,,,1.0,4.0
1948-04-01,2021851.0,284.598,,,,,1.0,3.9
1948-05-01,2021851.0,284.598,,,,,1.0,3.5
1948-06-01,2021851.0,284.598,,,,,1.0,3.6
1948-07-01,2033155.0,287.514,,,,,1.0,3.6
1948-08-01,2033155.0,287.514,,,,,1.06,3.9
1948-09-01,2033155.0,287.514,,,,,1.09,3.8
1948-10-01,2035329.0,273.765,,,,,1.12,3.7
1948-11-01,2035329.0,273.765,,,,,1.14,3.8
1948-12-01,2035329.0,273.765,,,,,1.16,4.0
1949-01-01,2007522.0,232.885,,,,,1.17,4.3
1949-02-01,2007522.0,232.885,,,,,1.17,4.7
1949-03-01,2007522.0,232.885,,,,,1.17,5.0
1949-04-01,2000788.0,201.926,,,,,1.17,5.3
1949-05-01,2000788.0,201.926,,,,,1.17,6.1
1949-06-01,2000788.0,201.926,,,,,1.17,6.2
1949-07-01,2022798.0,218.667,,,,,1.02,6.7
1949-08-01,2022798.0,218.667,,,,,1.04,6.8
1949-09-01,2022798.0,218.667,,,,,1.07,6.6
1949-10-01,2004653.0,207.912,,,,,1.05,7.9
1949-11-01,2004653.0,207.912,,,,,1.08,6.4
1949-12-01,2004653.0,207.912,,,,,1.1,6.6
1950-01-01,2084559.0,257.271,,,,,1.07,6.5
1950-02-01,2084559.0,257.271,,,,,1.12,6.4
1950-03-01,2084559.0,257.271,,,,,1.12,6.3
1950-04-01,2147592.0,284.803,,,,,1.15,5.8
1950-05-01,2147592.0,284.803,,,,,1.16,5.5
1950-06-01,2147592.0,284.803,,,,,1.15,5.4
1950-07-01,2230362.0,309.285,,,,,1.16,5.0
1950-08-01,2230362.0,309.285,,,,,1.2,4.5
1950-09-01,2230362.0,309.285,,,,,1.3,4.4
1950-10-01,2273435.0,348.585,,,,,1.31,4.2
1950-11-01,2273435.0,348.585,,,,,1.36,4.2
1950-12-01,2273435.0,348.585,,,,,1.34,4.3
1951-01-01,2304542.0,312.966,,,,,1.34,3.7
1951-02-01,2304542.0,312.966,,,,,1.36,3.4
1951-03-01,2304542.0,312.966,,,,,1.4,3.4
1951-04-01,2344517.0,320.221,,,,,1.47,3.1
1951-05-01,2344517.0,320.221,,,,,1.55,3.0
1951-06-01,2344517.0,320.221,,,,,1.45,3.2
1951-07-01,2392808.0,296.643,,,,,1.56,3.1
1951-08-01,2392808.0,296.643,,,,,1.62,3.1
1951-09-01,2392808.0,296.643,,,,,1.63,3.3
1951-10-01,2398105.0,273.007,,,,,1.54,3.5
1951-11-01,2398105.0,273.007,,,,,1.56,3.5
1951-12-01,2398105.0,273.007,,,,,1.73,3.1
1952-01-01,2423457.0,280.13,,,,,1.57,3.2
1952-02-01,2423457.0,280.13,,,,,1.54,3.1
1952-03-01,2423457.0,280.13,,,,,1.59,2.9
1952-04-01,2428516.0,259.01,,,,,1.57,2.9
1952-05-01,2428516.0,259.01,,,,,1.67,3.0
1952-06-01,2428516.0,259.01,,,,,1.7,3.0
1952-07-01,2446081.0,272.895,,,,,1.81,3.2
1952-08-01,2446081.0,272.895,,,,,1.83,3.4
1952-09-01,2446081.0,272.895,,,,,1.71,3.1
1952-10-01,2526359.0,292.552,,,,,1.74,3.0
1952-11-01,2526359.0,292.552,,,,,1.85,2.8
1952-12-01,2526359.0,292.552,,,,,2.09,2.7
1953-01-01,2573372.0,298.847,,,,,1.96,2.9
1953-02-01,2573372.0,298.847,,,,,1.97,2.6
1953-03-01,2573372.0,298.847,,,,,2.01,2.6
1953-04-01,2593456.0,300.547,,,,,2.19,2.7
1953-05-01,2593456.0,300.547,,,,,2.16,2.5
1953-06-01,2593456.0,300.547,,,,,2.11,2.5
1953-07-01,2578922.0,294.261,,,,,2.04,2.6
1953-08-01,2578922.0,294.261,,,,,2.04,2.7
1953-09-01,2578922.0,294.261,,,,,1.79,2.9
1953-10-01,2539786.0,272.998,,,,,1.38,3.1
1953-11-01,2539786.0,272.998,,,,,1.44,3.5
1953-12-01,2539786.0,272.998,,,,,1.6,4.5
1954-01-01,2528043.0,271.041,,,,,1.18,4.9
1954-02-01,2528043.0,271.041,,,,,0.97,5.2
1954-03-01,2528043.0,271.041,,,,,1.03,5.7
1954-04-01,2530689.0,270.402,,,,,0.97,5.9
1954-05-01,2530689.0,270.402,,,,,0.76,5.9
1954-06-01,2530689.0,270.402,,,,,0.64,5.6
1954-07-01,2559397.0,283.451,,,0.8,,0.72,5.8
1954-08-01,2559397.0,283.451,,,1.22,,0.92,6.0
1954-09-01,2559397.0,283.451,,,1.07,,1.01,6.1
1954-10-01,2609272.0,295.882,,,0.85,,0.98,5.7
1954-11-01,2609272.0,295.882,,,0.83,,0.93,5.3
1954-12-01,2609272.0,295.882,,,1.28,,1.15,5.0
1955-01-01,2683766.0,325.442,,,1.39,,1.22,4.9
1955-02-01,2683766.0,325.442,,,1.29,,1.17,4.7
1955-03-01,2683766.0,325.442,,,1.35,,1.28,4.6
1955-04-01,2727452.0,345.235,,,1.43,,1.59,4.7
1955-05-01,2727452.0,345.235,,,1.43,,1.45,4.3
1955-06-01,2727452.0,345.235,,,1.64,,1.41,4.2
1955-07-01,2764128.0,350.533,,,1.68,,1.6,4.0
1955-08-01,2764128.0,350.533,,,1.96,,1.9,4.2
1955-09-01,2764128.0,350.533,,,2.18,,2.07,4.1
1955-10-01,2780762.0,358.661,,,2.24,,2.23,4.3
1955-11-01,2780762.0,358.661,,,2.35,,2.24,4.2
1955-12-01,2780762.0,358.661,,,2.48,,2.54,4.2
1956-01-01,2770032.0,348.42,,,2.45,,2.41,4.0
1956-02-01,2770032.0,348.42,,,2.5,,2.32,3.9
1956-03-01,2770032.0,348.42,,,2.5,,2.25,4.2
1956-04-01,2792872.0,345.678,,,2.62,,2.6,4.0
1956-05-01,2792872.0,345.678,,,2.75,,2.61,4.3
1956-06-01,2792872.0,345.678,,,2.71,,2.49,4.3
1956-07-01,2790588.0,342.583,,,2.75,,2.31,4.4
1956-08-01,2790588.0,342.583,,,2.73,,2.6,4.1
1956-09-01,2790588.0,342.583,,,2.95,,2.84,3.9
1956-10-01,2836238.0,339.406,,,2.96,,2.9,3.9
1956-11-01,2836238.0,339.406,,,2.88,,2.99,4.3
1956-12-01,2836238.0,339.406,,,2.94,,3.21,4.2
1957-01-01,2854517.0,334.137,,,2.84,,3.11,4.2
1957-02-01,2854517.0,334.137,,,3.0,,3.1,3.9
1957-03-01,2854517.0,334.137,,,2.96,,3.08,3.7
1957-04-01,2848186.0,333.798,,,3.0,,3.07,3.9
1957-05-01,2848186.0,333.798,,,3.0,,3.06,4.1
1957-06-01,2848186.0,333.798,,,3.0,,3.29,4.3
1957-07-01,2875927.0,341.451,,,2.99,,3.16,4.2
1957-08-01,2875927.0,341.451,,,3.24,,3.37,4.1
1957-09-01,2875927.0,341.451,,,3.47,,3.53,4.4
1957-10-01,2846446.0,315.195,,,3.5,,3.58,4.5
1957-11-01,2846446.0,315.195,,,3.28,,3.31,5.1
1957-12-01,2846446.0,315.195,,,2.98,,3.04,5.2
1958-01-01,2772654.0,293.932,,,2.72,,2.44,5.8
1958-02-01,2772654.0,293.932,,,1.67,,1.53,6.4
1958-03-01,2772654.0,293.932,,,1.2,,1.3,6.7
1958-04-01,2790948.0,288.01,,,1.26,,1.13,7.4
1958-05-01,2790948.0,288.01,,,0.63,,0.91,7.4
1958-06-01,2790948.0,288.01,,,0.93,,0.83,7.3
1958-07-01,2855472.0,310.114,,,0.68,,0.91,7.5
1958-08-01,2855472.0,310.114,,,1.53,,1.69,7.4
1958-09-01,2855472.0,310.114,,,1.76,,2.44,7.1
1958-10-01,2922264.0,336.555,,,1.8,,2.63,6.7
1958-11-01,2922264.0,336.555,,,2.27,,2.67,6.2
1958-12-01,2922264.0,336.555,,,2.42,,2.77,6.2
1959-01-01,2976629.0,354.894,286.6,,2.48,,2.82,6.0
1959-02-01,2976629.0,354.894,287.7,,2.43,,2.7,5.9
1959-03-01,2976629.0,354.894,289.2,,2.8,,2.8,5.6
1959-04-01,3049011.0,382.5,290.1,,2.96,,2.95,5.2
1959-05-01,3049011.0,382.5,292.2,,2.9,,2.84,5.1
1959-06-01,3049011.0,382.5,294.1,,3.39,,3.21,5.0
1959-07-01,3043139.0,357.798,295.2,,3.47,,3.2,5.1
1959-08-01,3043139.0,357.798,296.4,,3.5,,3.38,5.2
1959-09-01,3043139.0,357.798,296.7,,3.76,,4.04,5.5
1959-10-01,3055104.0,369.442,296.5,,3.98,,4.05,5.7
1959-11-01,3055104.0,369.442,297.1,,4.0,,4.15,5.8
1959-12-01,3055104.0,369.442,297.8,,3.99,,4.49,5.3
1960-01-01,3123162.0,406.581,298.2,,3.99,,4.35,5.2
1960-02-01,3123162.0,406.581,298.4,,3.97,,3.96,4.8
1960-03-01,3123162.0,406.581,299.3,,3.84,,3.31,5.4
1960-04-01,3111310.0,368.686,300.1,,3.92,,3.23,5.2
1960-05-01,3111310.0,368.686,300.9,,3.85,,3.29,5.1
1960-06-01,3111310.0,368.686,302.3,,3.32,,2.46,5.4
1960-07-01,3119057.0,367.749,304.1,,3.23,,2.3,5.5
1960-08-01,3119057.0,367.749,306.9,,2.98,,2.3,5.6
1960-09-01,3119057.0,367.749,308.4,,2.6,,2.48,5.5
1960-10-01,3081300.0,327.01,309.5,,2.47,,2.3,6.1
1960-11-01,3081300.0,327.01,310.9,,2.44,,2.37,6.1
1960-12-01,3081300.0,327.01,312.4,,1.98,,2.25,6.6
1961-01-01,3102251.0,335.496,314.1,,1.45,,2.24,6.6
1961-02-01,3102251.0,335.496,316.5,,2.54,,2.42,6.9
1961-03-01,3102251.0,335.496,318.3,,2.02,,2.39,6.9
1961-04-01,3159918.0,359.004,319.9,,1.49,,2.29,7.0
1961-05-01,3159918.0,359.004,322.2,,1.98,,2.29,7.1
1961-06-01,3159918.0,359.004,324.3,,1.73,,2.33,6.9
1961-07-01,3212606.0,386.914,325.6,,1.17,,2.24,7.0
1961-08-01,3212606.0,386.914,327.6,,2.0,,2.39,6.6
1961-09-01,3212606.0,386.914,329.5,,1.88,,2.28,6.7
1961-10-01,3277717.0,393.316,331.1,,2.26,,2.3,6.5
1961-11-01,3277717.0,393.316,333.4,,2.61,,2.48,6.1
1961-12-01,3277717.0,393.316,335.5,,2.33,,2.6,6.0
1962-01-01,3336753.0,414.522,337.5,,2.15,,2.72,5.8
1962-02-01,3336753.0,414.522,340.1,,2.37,4.09,2.73,5.5
1962-03-01,3336753.0,414.522,343.1,,2.85,3.98,2.72,5.6
1962-04-01,3372706.0,411.253,345.5,,2.78,,2.73,5.6
1962-05-01,3372706.0,411.253,347.5,,2.36,3.85,2.69,5.5
1962-06-01,3372706.0,411.253,349.3,,2.68,3.89,2.73,5.5
1962-07-01,3404833.0,418.241,350.8,,2.71,,2.92,5.4
1962-08-01,3404833.0,418.241,352.8,,2.93,4.03,2.82,5.7
1962-09-01,3404833.0,418.241,354.9,,2.9,,2.78,5.6
1962-10-01,3418046.0,406.004,357.2,,2.9,3.93,2.74,5.4
1962-11-01,3418046.0,406.004,359.8,,2.94,3.92,2.83,5.7
1962-12-01,3418046.0,406.004,362.7,,2.93,,2.87,5.5
1963-01-01,3456080.0,427.366,365.2,,2.92,,2.91,5.7
1963-02-01,3456080.0,427.366,367.9,,3.0,3.88,2.92,5.9
1963-03-01,3456080.0,427.366,370.7,,2.98,3.93,2.89,5.7
1963-04-01,3501134.0,434.164,373.3,,2.9,3.95,2.9,5.7
1963-05-01,3501134.0,434.164,376.1,,3.0,3.94,2.93,5.9
1963-06-01,3501134.0,434.164,378.4,,2.99,,2.99,5.6
1963-07-01,3569479.0,447.531,381.1,,3.02,4.01,3.18,5.6
1963-08-01,3569479.0,447.531,383.6,,3.49,3.99,3.32,5.4
1963-09-01,3569479.0,447.531,386.0,,3.48,,3.38,5.5
1963-10-01,3594954.0,452.965,388.3,,3.5,4.07,3.45,5.5
1963-11-01,3594954.0,452.965,391.5,,3.48,4.15,3.52,5.7
1963-12-01,3594954.0,452.965,393.2,,3.38,,3.52,5.5
1964-01-01,3672708.0,469.918,395.2,,3.48,,3.52,5.6
1964-02-01,3672708.0,469.918,397.6,,3.48,,3.53,5.4
1964-03-01,3672708.0,469.918,399.8,,3.43,,3.54,5.4
1964-04-01,3716382.0,468.225,401.7,,3.47,4.23,3.47,5.3
1964-05-01,3716382.0,468.225,404.2,,3.5,4.22,3.48,5.1
1964-06-01,3716382.0,468.225,407.1,,3.5,4.19,3.48,5.2
1964-07-01,3766862.0,479.154,410.1,,3.42,4.15,3.46,4.9
1964-08-01,3766862.0,479.154,413.4,,3.5,,3.5,5.0
1964-09-01,3766862.0,479.154,416.9,,3.45,4.21,3.53,5.1
1964-10-01,3780219.0,483.706,419.1,,3.36,4.18,3.57,5.1
1964-11-01,3780219.0,483.706,422.0,,3.52,,3.64,4.8
1964-12-01,3780219.0,483.706,424.7,,3.85,4.2,3.84,5.0
1965-01-01,3873452.0,529.824,427.5,,3.9,,3.81,4.9
1965-02-01,3873452.0,529.824,430.4,,3.98,4.2,3.93,5.1
1965-03-01,3873452.0,529.824,433.2,,4.05,4.22,3.93,4.7
1965-04-01,3926406.0,531.216,435.4,,4.09,4.2,3.93,4.8
1965-05-01,3926406.0,531.216,437.1,,4.1,,3.89,4.6
1965-06-01,3926406.0,531.216,440.1,,4.05,4.23,3.8,4.6
1965-07-01,4006152.0,549.712,442.9,,4.09,4.2,3.84,4.4
1965-08-01,4006152.0,549.712,445.8,,4.12,,3.84,4.4
1965-09-01,4006152.0,549.712,449.5,,4.02,4.28,3.92,4.3
1965-10-01,4100631.0,553.352,452.6,,4.08,4.36,4.03,4.2
1965-11-01,4100631.0,553.352,455.7,,4.1,4.43,4.09,4.1
1965-12-01,4100631.0,553.352,459.2,,4.32,4.52,4.38,4.0
1966-01-01,4201891.0,597.563,462.0,,4.42,,4.59,4.0
1966-02-01,4201891.0,597.563,464.6,,4.6,4.69,4.65,3.8
1966-03-01,4201891.0,597.563,467.2,,4.66,5.01,4.59,3.8
1966-04-01,4219097.0,588.717,469.3,,4.67,4.7,4.62,3.8
1966-05-01,4219097.0,588.717,470.1,,4.9,,4.64,3.9
1966-06-01,4219097.0,588.717,471.2,,5.17,4.79,4.5,3.8
1966-07-01,4249152.0,584.373,470.9,,5.3,4.99,4.8,3.8
1966-08-01,4249152.0,584.373,472.6,,5.53,5.05,4.96,3.8
1966-09-01,4249152.0,584.373,475.4,,5.4,5.3,5.37,3.7
1966-10-01,4285582.0,587.798,475.7,,5.53,,5.35,3.7
1966-11-01,4285582.0,587.798,477.3,,5.76,4.99,5.32,3.6
1966-12-01,4285582.0,587.798,480.2,,5.4,5.09,4.96,3.8
1967-01-01,4324926.0,573.373,481.6,89.3902,4.94,,4.72,3.9
1967-02-01,4324926.0,573.373,485.1,87.975,5.0,4.52,4.56,3.8
1967-03-01,4324926.0,573.373,489.7,87.0835,4.53,4.66,4.26,3.8
1967-04-01,4328720.0,552.629,492.1,87.5089,4.05,,3.84,3.8
1967-05-01,4328720.0,552.629,497.2,86.3566,3.94,4.77,3.6,3.8
1967-06-01,4328720.0,552.629,502.0,85.9603,3.98,4.81,3.54,3.9
1967-07-01,4366088.0,568.833,506.3,85.3833,3.79,,4.21,3.8
1967-08-01,4366088.0,568.833,510.8,86.6339,3.9,5.18,4.27,3.8
1967-09-01,4366088.0,568.833,514.7,86.1122,3.99,5.25,4.42,3.8
1967-10-01,4401233.0,581.104,518.2,86.4325,3.88,,4.56,4.0
1967-11-01,4401233.0,581.104,521.2,87.2856,4.13,5.7,4.73,3.9
1967-12-01,4401233.0,581.104,524.8,87.8417,4.51,5.78,4.97,3.8
1968-01-01,4490609.0,592.754,527.4,87.3848,4.61,,5.0,3.7
1968-02-01,4490609.0,592.754,530.4,87.3505,4.71,5.58,4.98,3.8
1968-03-01,4490609.0,592.754,533.2,87.2771,5.05,5.56,5.17,3.7
1968-04-01,4566442.0,615.427,535.7,87.0597,5.76,5.64,5.38,3.5
1968-05-01,4566442.0,615.427,538.9,87.6912,6.12,5.73,5.66,3.5
1968-06-01,4566442.0,615.427,542.6,87.6698,6.07,,5.52,3.7
1968-07-01,4599332.0,598.643,545.6,87.1949,6.03,5.62,5.31,3.7
1968-08-01,4599332.0,598.643,549.4,87.0994,6.03,5.38,5.09,3.5
1968-09-01,4599332.0,598.643,553.6,87.0919,5.78,,5.19,3.4
1968-10-01,4619803.0,605.155,557.6,86.9292,5.91,5.49,5.35,3.4
1968-11-01,4619803.0,605.155,562.4,87.7164,5.82,5.61,5.45,3.4
1968-12-01,4619803.0,605.155,566.8,87.6575,6.02,,5.96,3.4
1969-01-01,4691637.0,640.79,569.3,87.8611,6.3,,6.14,3.4
1969-02-01,4691637.0,640.79,571.9,88.1058,6.61,,6.12,3.4
1969-03-01,4691637.0,640.79,574.4,88.4785,6.79,,6.02,3.4
1969-04-01,4706684.0,637.015,575.7,87.8384,7.41,6.25,6.11,3.4
1969-05-01,4706684.0,637.015,576.5,87.195,8.67,6.25,6.04,3.4
1969-06-01,4706684.0,637.015,578.5,87.7348,8.9,,6.44,3.5
1969-07-01,4736143.0,649.948,579.5,87.8864,8.61,6.75,7.0,3.5
1969-08-01,4736143.0,649.948,580.1,87.7781,9.19,6.66,6.98,3.5
1969-09-01,4736143.0,649.948,582.1,87.4506,9.15,,7.09,3.7
1969-10-01,4715469.0,618.565,583.4,87.1703,9.0,7.52,7.0,3.7
1969-11-01,4715469.0,618.565,585.4,86.0477,8.85,,7.24,3.5
1969-12-01,4715469.0,618.565,587.9,85.5187,8.97,7.29,7.82,3.5
1970-01-01,4707112.0,600.116,589.6,83.658,8.98,,7.87,3.9
1970-02-01,4707112.0,600.116,586.3,83.3417,8.98,,7.13,4.2
1970-03-01,4707112.0,600.116,587.3,82.9738,7.76,,6.63,4.4
1970-04-01,4715441.0,601.421,588.4,82.5031,8.1,7.04,6.51,4.6
1970-05-01,4715441.0,601.421,591.5,82.1514,7.95,7.85,6.84,4.8
1970-06-01,4715441.0,601.421,595.2,81.6327,7.61,7.84,6.68,4.9
1970-07-01,4757213.0,611.208,599.1,81.5808,7.21,7.64,6.45,5.0
1970-08-01,4757213.0,611.208,604.9,81.1851,6.62,,6.41,5.1
1970-09-01,4757213.0,611.208,611.2,80.3785,6.29,7.47,6.12,5.4
1970-10-01,4708281.0,578.757,616.4,78.53,6.2,7.29,5.91,5.5
1970-11-01,4708281.0,578.757,621.1,77.8167,5.6,,5.28,5.9
1970-12-01,4708281.0,578.757,626.5,79.3621,4.9,6.48,4.87,6.1
1971-01-01,4834349.0,646.232,632.9,79.7493,4.14,,4.44,5.9
1971-02-01,4834349.0,646.232,641.0,79.395,3.72,6.09,3.7,5.9
1971-03-01,4834349.0,646.232,649.9,79.1076,3.71,6.12,3.38,6.0
1971-04-01,4861938.0,664.569,658.4,79.3504,4.16,5.58,3.86,5.9
1971-05-01,4861938.0,664.569,666.7,79.5515,4.63,,4.14,5.9
1971-06-01,4861938.0,664.569,673.0,79.6838,4.91,6.36,4.75,5.9
1971-07-01,4899950.0,672.632,679.6,79.2527,5.31,6.69,5.4,6.0
1971-08-01,4899950.0,672.632,685.5,78.595,5.57,,4.94,6.1
1971-09-01,4899950.0,672.632,692.5,79.6725,5.55,6.22,4.69,6.0
1971-10-01,4914261.0,654.519,698.4,80.0684,5.2,6.0,4.46,5.8
1971-11-01,4914261.0,654.519,704.6,80.208,4.91,5.8,4.22,6.0
1971-12-01,4914261.0,654.519,710.3,80.9324,4.14,5.92,4.01,6.0
1972-01-01,5002436.0,697.648,717.7,82.6617,3.51,,3.38,5.8
1972-02-01,5002436.0,697.648,725.7,83.3036,3.3,6.09,3.2,5.7
1972-03-01,5002436.0,697.648,733.5,83.6835,3.83,6.04,3.73,5.8
1972-04-01,5118278.0,737.276,738.4,84.3072,4.17,,3.71,5.7
1972-05-01,5118278.0,737.276,743.3,84.1065,4.27,6.14,3.69,5.7
1972-06-01,5118278.0,737.276,749.7,84.1147,4.46,6.07,3.91,5.7
1972-07-01,5165448.0,747.745,759.5,83.8181,4.55,,3.98,5.6
1972-08-01,5165448.0,747.745,768.7,84.7411,4.81,6.14,4.02,5.6
1972-09-01,5165448.0,747.745,778.3,85.1601,4.87,6.43,4.66,5.5
1972-10-01,5251226.0,752.434,786.9,86.0048,5.05,,4.74,5.6
1972-11-01,5251226.0,752.434,793.9,86.7608,5.06,6.39,4.78,5.3
1972-12-01,5251226.0,752.434,802.3,87.4648,5.33,6.29,5.07,5.2
1973-01-01,5380502.0,796.53,810.3,87.8201,5.94,,5.41,4.9
1973-02-01,5380502.0,796.53,814.1,88.7918,6.58,6.6,5.6,5.0
1973-03-01,5380502.0,796.53,815.3,88.5335,7.09,6.65,6.09,4.9
1973-04-01,5441504.0,830.483,819.7,88.1132,7.12,,6.26,5.0
1973-05-01,5441504.0,830.483,826.8,88.3877,7.84,6.72,6.36,4.9
1973-06-01,5441504.0,830.483,833.3,88.1945,8.49,6.96,7.19,4.9
1973-07-01,5411935.0,800.37,836.5,88.216,10.4,,8.01,4.8
1973-08-01,5411935.0,800.37,838.8,87.793,10.5,7.55,8.67,4.8
1973-09-01,5411935.0,800.37,839.3,88.1943,10.78,,8.29,4.8
1973-10-01,5462397.0,828.879,842.6,88.6136,10.01,6.91,7.22,4.6
1973-11-01,5462397.0,828.879,848.9,88.732,10.03,6.71,7.83,4.8
1973-12-01,5462397.0,828.879,855.5,88.2077,9.95,,7.45,4.9
1974-01-01,5417024.0,781.544,859.7,87.3558,9.65,,7.77,5.1
1974-02-01,5417024.0,781.544,864.2,86.8371,8.97,7.0,7.12,5.2
1974-03-01,5417024.0,781.544,870.1,86.5891,9.35,7.08,7.96,5.1
1974-04-01,5431265.0,778.425,872.9,86.1068,10.51,7.42,8.33,5.1
1974-05-01,5431265.0,778.425,874.6,86.5741,11.31,7.62,8.23,5.1
1974-06-01,5431265.0,778.425,877.8,86.1998,11.93,,7.9,5.4
1974-07-01,5378679.0,738.08,881.4,86.1758,12.92,7.65,7.55,5.5
1974-08-01,5378679.0,738.08,884.1,85.0768,12.01,7.92,8.96,5.5
1974-09-01,5378679.0,738.08,887.9,84.9128,11.34,,8.06,5.9
1974-10-01,5357166.0,742.56,893.3,84.4745,10.06,7.97,7.46,6.0
1974-11-01,5357166.0,742.56,898.6,81.5419,9.45,7.8,7.47,6.6
1974-12-01,5357166.0,742.56,902.1,78.4687,8.53,,7.15,7.2
1975-01-01,5292444.0,622.949,906.3,77.2476,7.13,,6.26,8.1
1975-02-01,5292444.0,622.949,914.1,75.358,6.24,,5.5,8.1
1975-03-01,5292444.0,622.949,925.0,74.4065,5.54,,5.49,8.6
1975-04-01,5333220.0,604.403,935.1,74.4307,5.49,8.08,5.61,8.8
1975-05-01,5333220.0,604.403,947.9,74.0959,5.22,8.31,5.23,9.0
1975-06-01,5333220.0,604.403,963.0,74.4461,5.55,,5.34,8.8
1975-07-01,5421357.0,651.26,975.1,75.1022,6.1,7.97,6.13,8.6
1975-08-01,5421357.0,651.26,983.1,75.7189,6.14,8.26,6.44,8.4
1975-09-01,5421357.0,651.26,991.5,76.5718,6.24,,6.42,8.4
1975-10-01,5494446.0,669.438,997.8,76.773,5.82,8.47,5.96,8.4
1975-11-01,5494446.0,669.438,1006.9,76.744,5.22,,5.48,8.3
1975-12-01,5494446.0,669.438,1016.2,77.6451,5.2,8.12,5.44,8.2
1976-01-01,5618520.0,734.031,1026.6,78.5312,4.87,,4.87,7.9
1976-02-01,5618520.0,734.031,1040.3,79.1705,4.77,,4.88,7.7
1976-03-01,5618520.0,734.031,1050.0,79.174,4.84,7.86,5.0,7.6
1976-04-01,5660972.0,763.083,1060.8,79.4214,4.82,7.68,4.86,7.7
1976-05-01,5660972.0,763.083,1072.1,79.5834,5.29,,5.2,7.4
1976-06-01,5660972.0,763.083,1077.6,79.4974,5.48,7.94,5.41,7.6
1976-07-01,5689756.0,765.742,1086.3,79.7719,5.31,7.88,5.23,7.8
1976-08-01,5689756.0,765.742,1098.7,80.1388,5.29,,5.14,7.8
1976-09-01,5689756.0,765.742,1110.8,80.2183,5.25,7.64,5.08,7.6
1976-10-01,5732462.0,771.471,1125.0,80.012,5.02,7.49,4.92,7.7
1976-11-01,5732462.0,771.471,1138.2,81.0488,4.95,7.38,4.75,7.8
1976-12-01,5732462.0,771.471,1152.0,81.719,4.65,6.97,4.35,7.8
1977-01-01,5799160.0,807.213,1165.2,80.9557,4.61,,4.62,7.5
1977-02-01,5799160.0,807.213,1177.6,82.0259,4.68,7.41,4.67,7.6
1977-03-01,5799160.0,807.213,1188.5,82.8357,4.69,7.49,4.6,7.4
1977-04-01,5912977.0,865.083,1199.6,83.4184,4.73,7.43,4.54,7.2
1977-05-01,5912977.0,865.083,1209.0,83.8383,5.35,,4.96,7.0
1977-06-01,5912977.0,865.083,1217.8,84.2431,5.39,7.38,5.02,7.2
1977-07-01,6017586.0,908.859,1226.7,84.1164,5.42,7.34,5.19,6.9
1977-08-01,6017586.0,908.859,1237.0,83.9516,5.9,7.43,5.49,7.0
1977-09-01,6017586.0,908.859,1246.2,84.0465,6.14,7.3,5.81,6.8
1977-10-01,6018218.0,886.06,1254.0,83.9313,6.47,,6.16,6.8
1977-11-01,6018218.0,886.06,1262.4,83.8462,6.51,7.63,6.1,6.8
1977-12-01,6018218.0,886.06,1270.3,83.7459,6.56,7.58,6.07,6.4
1978-01-01,6039158.0,903.329,1279.7,82.2914,6.7,,6.44,6.4
1978-02-01,6039158.0,903.329,1285.5,82.5033,6.78,7.96,6.45,6.3
1978-03-01,6039158.0,903.329,1292.2,83.8599,6.79,8.05,6.29,6.3
1978-04-01,6273963.0,962.001,1300.4,85.2903,6.89,,6.29,6.1
1978-05-01,6273963.0,962.001,1310.5,85.4734,7.36,8.24,6.41,6.0
1978-06-01,6273963.0,962.001,1318.5,85.7913,7.6,8.41,6.73,5.9
1978-07-01,6335317.0,990.029,1324.1,85.4956,7.81,,7.01,6.2
1978-08-01,6335317.0,990.029,1333.5,85.6075,8.04,8.54,7.08,5.9
1978-09-01,6335317.0,990.029,1345.0,85.5854,8.45,8.38,7.85,6.0
1978-10-01,6420288.0,1012.924,1352.3,86.0076,8.96,,7.99,5.8
1978-11-01,6420288.0,1012.924,1359.1,86.4334,9.76,8.66,8.64,5.9
1978-12-01,6420288.0,1012.924,1366.0,86.6336,10.03,8.8,9.08,6.0
1979-01-01,6433044.0,1014.607,1371.6,85.9296,10.07,,9.35,5.9
1979-02-01,6433044.0,1014.607,1377.8,86.1169,10.06,8.94,9.32,5.9
1979-03-01,6433044.0,1014.607,1387.8,86.1486,10.09,9.17,9.48,5.8
1979-04-01,6440832.0,1013.693,1402.1,84.9029,10.01,,9.46,5.8
1979-05-01,6440832.0,1013.693,1410.2,85.4247,10.24,9.36,9.61,5.6
1979-06-01,6440832.0,1013.693,1423.0,85.2142,10.29,9.05,9.06,5.7
1979-07-01,6487080.0,996.622,1434.8,84.861,10.47,,9.24,5.7
1979-08-01,6487080.0,996.622,1446.6,84.1027,10.94,8.99,9.52,6.0
1979-09-01,6487080.0,996.622,1454.1,83.9007,11.43,,10.26,5.9
1979-10-01,6503874.0,978.943,1460.4,84.2922,13.77,9.51,11.7,6.0
1979-11-01,6503874.0,978.943,1465.9,83.9769,13.18,10.79,11.79,5.9
1979-12-01,6503874.0,978.943,1473.7,83.8639,13.78,,12.04,6.0
1980-01-01,6524912.0,972.248,1482.7,84.1462,13.82,,12.0,6.3
1980-02-01,6524912.0,972.248,1494.6,84.02,14.13,11.29,12.86,6.3
1980-03-01,6524912.0,972.248,1499.8,83.516,17.19,,15.2,6.3
1980-04-01,6392578.0,889.579,1502.2,81.7161,17.61,12.69,13.2,6.9
1980-05-01,6392578.0,889.579,1512.3,79.5737,10.98,10.57,8.58,7.5
1980-06-01,6392578.0,889.579,1529.2,78.4079,9.47,,7.07,7.6
1980-07-01,6382892.0,830.866,1545.5,77.7106,9.03,10.13,8.06,7.8
1980-08-01,6382892.0,830.866,1561.5,77.8165,9.61,10.76,9.13,7.7
1980-09-01,6382892.0,830.866,1574.0,78.9666,10.87,,10.27,7.5
1980-10-01,6501184.0,908.306,1584.8,79.8138,12.81,11.78,11.62,7.5
1980-11-01,6501184.0,908.306,1595.8,80.9797,15.85,,13.73,7.5
1980-12-01,6501184.0,908.306,1599.8,81.3443,18.9,12.92,15.49,7.2
1981-01-01,6635726.0,992.376,1606.9,80.6568,19.08,,15.02,7.5
1981-02-01,6635726.0,992.376,1618.7,80.1474,15.93,,14.79,7.4
1981-03-01,6635726.0,992.376,1636.6,80.3697,14.7,,13.36,7.4
1981-04-01,6587269.0,951.246,1659.2,79.8469,15.72,13.14,13.69,7.2
1981-05-01,6587269.0,951.246,1664.2,80.1126,18.52,14.05,16.3,7.5
1981-06-01,6587269.0,951.246,1670.3,80.3378,19.1,13.46,14.73,7.5
1981-07-01,6662858.0,1004.861,1681.9,80.6666,19.04,14.04,14.95,7.2
1981-08-01,6662858.0,1004.861,1694.3,80.3719,17.82,,15.51,7.4
1981-09-01,6662858.0,1004.861,1706.0,79.7957,15.87,15.41,14.7,7.6
1981-10-01,6585127.0,969.475,1721.8,78.9918,15.08,15.75,13.54,7.9
1981-11-01,6585127.0,969.475,1736.1,77.892,13.31,,10.86,8.3
1981-12-01,6585127.0,969.475,1755.5,76.8713,12.37,13.37,10.85,8.5
1982-01-01,6474973.0,877.772,1770.4,75.129,13.22,,12.28,8.6
1982-02-01,6474973.0,877.772,1774.5,76.4962,14.78,14.58,13.48,8.9
1982-03-01,6474973.0,877.772,1786.5,75.821,14.68,13.85,12.68,9.0
1982-04-01,6510247.0,877.104,1803.9,74.9732,14.94,14.1,12.7,9.3
1982-05-01,6510247.0,877.104,1815.4,74.3382,14.45,,12.09,9.4
1982-06-01,6510247.0,877.104,1826.0,74.0174,14.15,13.93,12.47,9.6
1982-07-01,6486800.0,869.067,1831.5,73.6498,12.59,14.4,11.35,9.8
1982-08-01,6486800.0,869.067,1845.2,72.8767,10.12,,8.68,9.8
1982-09-01,6486800.0,869.067,1858.4,72.596,10.31,12.76,7.92,10.1
1982-10-01,6493128.0,801.889,1869.7,71.8246,9.71,11.51,7.71,10.4
1982-11-01,6493128.0,801.889,1883.7,71.5313,9.2,10.56,8.07,10.8
1982-12-01,6493128.0,801.889,1905.9,70.9671,8.95,10.74,7.94,10.8
1983-01-01,6578175.0,829.672,1959.4,72.2371,8.68,,7.86,10.4
1983-02-01,6578175.0,829.672,1996.8,71.7603,8.51,10.78,8.11,10.4
1983-03-01,6578175.0,829.672,2015.2,72.3279,8.77,10.22,8.35,10.3
1983-04-01,6728287.0,903.148,2028.6,73.2201,8.8,,8.21,10.2
1983-05-01,6728287.0,903.148,2043.1,73.6506,8.63,,8.19,10.1
1983-06-01,6728287.0,903.148,2053.5,74.0776,8.98,10.77,8.79,10.1
1983-07-01,6860022.0,959.692,2064.8,75.1574,9.37,10.93,9.08,9.4
1983-08-01,6860022.0,959.692,2074.0,76.0182,9.56,11.8,9.34,9.5
1983-09-01,6860022.0,959.692,2083.2,77.0799,9.45,11.97,9.0,9.2
1983-10-01,7001489.0,1053.054,2099.2,77.6273,9.48,,8.64,8.8
1983-11-01,7001489.0,1053.054,2112.3,77.9119,9.34,11.69,8.76,8.5
1983-12-01,7001489.0,1053.054,2123.5,78.221,9.47,11.63,9.0,8.3
1984-01-01,7140597.0,1154.826,2138.2,79.6824,9.56,,8.9,8.0
1984-02-01,7140597.0,1154.826,2158.2,79.9369,9.59,11.64,9.09,7.8
1984-03-01,7140597.0,1154.826,2175.2,80.1983,9.91,12.07,9.52,7.8
1984-04-01,7266010.0,1192.381,2191.7,80.5448,10.29,,9.69,7.7
1984-05-01,7266010.0,1192.381,2204.1,80.8277,10.32,12.82,9.83,7.4
1984-06-01,7266010.0,1192.381,2215.1,80.9628,11.06,13.63,9.87,7.2
1984-07-01,7337493.0,1218.184,2223.5,81.02,11.23,,10.12,7.5
1984-08-01,7337493.0,1218.184,2230.4,80.9418,11.64,12.81,10.47,7.5
1984-09-01,7337493.0,1218.184,2244.4,80.5325,11.3,,10.37,7.3
1984-10-01,7396019.0,1202.383,2258.9,80.3146,9.99,12.54,9.74,7.4
1984-11-01,7396019.0,1202.383,2281.4,80.3938,9.43,11.66,8.61,7.2
1984-12-01,7396019.0,1202.383,2306.4,80.242,8.38,,8.06,7.3
1985-01-01,7469545.0,1169.416,2332.4,80.0074,8.35,,7.76,7.3
1985-02-01,7469545.0,1169.416,2354.1,80.0484,8.5,11.29,8.27,7.2
1985-03-01,7469545.0,1169.416,2366.2,79.9728,8.58,11.86,8.52,7.2
1985-04-01,7537928.0,1189.334,2375.4,79.6074,8.27,11.66,7.95,7.3
1985-05-01,7537928.0,1189.334,2389.5,79.5562,7.97,11.27,7.48,7.2
1985-06-01,7537928.0,1189.334,2412.6,79.3321,7.53,,6.95,7.4
1985-07-01,7655196.0,1181.226,2429.5,78.7591,7.88,10.19,7.08,7.4
1985-08-01,7655196.0,1181.226,2444.0,78.8441,7.9,10.51,7.14,7.1
1985-09-01,7655196.0,1181.226,2456.4,78.975,7.92,,7.1,7.1
1985-10-01,7712624.0,1224.763,2468.0,78.5461,7.99,10.29,7.16,7.1
1985-11-01,7712624.0,1224.763,2477.8,78.6751,8.05,9.98,7.24,7.0
1985-12-01,7712624.0,1224.763,2492.1,79.3194,8.27,,7.1,7.0
1986-01-01,7784109.0,1224.404,2502.1,79.6087,8.14,,7.07,6.7
1986-02-01,7784109.0,1224.404,2512.9,78.9467,7.86,,7.06,7.2
1986-03-01,7784109.0,1224.404,2533.1,78.2817,7.48,,6.56,7.2
1986-04-01,7819843.0,1203.028,2557.8,78.2697,6.99,7.37,6.06,7.1
1986-05-01,7819843.0,1203.028,2584.8,78.3224,6.85,7.45,6.15,7.2
1986-06-01,7819843.0,1203.028,2605.0,77.9238,6.92,,6.21,7.2
1986-07-01,7898555.0,1170.667,2626.6,78.3151,6.56,7.37,5.83,7.0
1986-08-01,7898555.0,1170.667,2646.5,78.0871,6.17,7.34,5.53,6.9
1986-09-01,7898555.0,1170.667,2667.8,78.204,5.89,,5.21,7.0
1986-10-01,7939450.0,1174.171,2687.4,78.4345,5.85,7.41,5.18,7.0
1986-11-01,7939450.0,1174.171,2701.3,78.6327,6.04,,5.35,6.9
1986-12-01,7939450.0,1174.171,2728.0,79.2674,6.91,7.18,5.53,6.6
1987-01-01,7994965.0,1205.858,2743.9,78.8411,6.43,,5.43,6.6
1987-02-01,7994965.0,1205.858,2747.5,79.7613,6.1,,5.59,6.6
1987-03-01,7994965.0,1205.858,2753.7,79.732,6.13,,5.59,6.6
1987-04-01,8084710.0,1206.486,2767.7,80.1127,6.37,7.59,5.64,6.3
1987-05-01,8084710.0,1206.486,2772.9,80.4695,6.85,8.39,5.66,6.3
1987-06-01,8084710.0,1206.486,2774.6,80.7548,6.73,8.45,5.67,6.2
1987-07-01,8158035.0,1206.662,2779.0,81.1593,6.58,8.36,5.69,6.1
1987-08-01,8158035.0,1206.662,2788.2,81.6305,6.73,,6.04,6.0
1987-09-01,8158035.0,1206.662,2799.5,81.8226,7.22,9.05,6.4,5.9
1987-10-01,8292687.0,1288.881,2814.8,82.8037,7.29,9.66,6.13,6.0
1987-11-01,8292687.0,1288.881,2818.9,83.1057,6.69,,5.69,5.8
1987-12-01,8292687.0,1288.881,2826.4,83.4671,6.77,9.01,5.77,5.7
1988-01-01,8339324.0,1227.008,2847.4,83.3646,6.83,,5.81,5.7
1988-02-01,8339324.0,1227.008,2870.4,83.7161,6.58,8.26,5.66,5.7
1988-03-01,8339324.0,1227.008,2890.7,83.8432,6.58,8.15,5.7,5.7
1988-04-01,8449510.0,1256.243,2910.7,84.2967,6.87,,5.91,5.4
1988-05-01,8449510.0,1256.243,2926.0,84.084,7.09,,6.26,5.6
1988-06-01,8449510.0,1256.243,2938.4,84.288,7.51,9.03,6.46,5.4
1988-07-01,8498282.0,1263.222,2947.2,84.2603,7.75,8.77,6.73,5.4
1988-08-01,8498282.0,1263.222,2952.0,84.6355,8.01,9.07,7.06,5.6
1988-09-01,8498282.0,1263.222,2956.9,84.308,8.19,9.25,7.24,5.4
1988-10-01,8610850.0,1282.499,2965.3,84.6144,8.3,,7.35,5.4
1988-11-01,8610850.0,1282.499,2980.2,84.7506,8.35,8.68,7.76,5.3
1988-12-01,8610850.0,1282.499,2988.2,85.0433,8.76,9.01,8.07,5.3
1989-01-01,8697711.0,1326.029,2991.7,85.1871,9.12,,8.27,5.4
1989-02-01,8697711.0,1326.029,2992.2,84.6881,9.36,8.99,8.53,5.2
1989-03-01,8697711.0,1326.029,2999.7,84.7698,9.85,9.36,8.82,5.0
1989-04-01,8766105.0,1313.202,3006.0,84.59,9.84,,8.65,5.2
1989-05-01,8766105.0,1313.202,3011.6,83.9611,9.81,9.14,8.43,5.2
1989-06-01,8766105.0,1313.202,3027.9,83.784,9.53,8.61,8.15,5.3
1989-07-01,8831544.0,1301.412,3052.4,82.7913,9.24,,7.88,5.2
1989-08-01,8831544.0,1301.412,3074.4,83.4055,8.99,7.74,7.9,5.2
1989-09-01,8831544.0,1301.412,3092.5,82.9302,9.02,8.19,7.75,5.3
1989-10-01,8850230.0,1291.758,3114.1,82.6235,8.84,,7.64,5.3
1989-11-01,8850230.0,1291.758,3133.3,82.6971,8.55,7.91,7.69,5.4
1989-12-01,8850230.0,1291.758,3152.5,82.9629,8.45,7.81,7.63,5.4
1990-01-01,8947129.0,1304.586,3166.8,82.328,8.23,,7.64,5.4
1990-02-01,8947129.0,1304.586,3179.2,82.8759,8.24,8.42,7.74,5.3
1990-03-01,8947129.0,1304.586,3190.1,83.0757,8.28,8.59,7.9,5.2
1990-04-01,8981727.0,1304.993,3201.6,82.7018,8.26,,7.77,5.4
1990-05-01,8981727.0,1304.993,3200.6,82.7671,8.18,9.08,7.74,5.4
1990-06-01,8981727.0,1304.993,3213.7,82.8785,8.29,8.44,7.73,5.2
1990-07-01,8983945.0,1279.695,3224.5,82.5834,8.15,,7.62,5.5
1990-08-01,8983945.0,1279.695,3242.0,82.737,8.13,8.29,7.45,5.7
1990-09-01,8983945.0,1279.695,3254.6,82.6219,8.2,,7.36,5.9
1990-10-01,8907363.0,1208.107,3259.3,81.9938,8.11,8.71,7.17,5.9
1990-11-01,8907363.0,1208.107,3262.6,80.8637,7.81,8.57,7.06,6.2
1990-12-01,8907363.0,1208.107,3271.8,80.2062,7.31,,6.74,6.3
1991-01-01,8865564.0,1167.908,3287.7,79.8532,6.91,,6.22,6.4
1991-02-01,8865564.0,1167.908,3304.5,79.1938,6.25,7.91,5.94,6.6
1991-03-01,8865564.0,1167.908,3321.9,78.6775,6.12,8.12,5.91,6.8
1991-04-01,8934366.0,1167.904,3332.4,78.813,5.91,8.07,5.65,6.7
1991-05-01,8934366.0,1167.904,3343.0,79.5366,5.78,8.01,5.46,6.9
1991-06-01,8934366.0,1167.904,3351.9,80.1091,5.9,,5.57,6.9
1991-07-01,8977252.0,1191.028,3356.1,80.2553,5.82,8.26,5.58,6.8
1991-08-01,8977252.0,1191.028,3355.0,80.1865,5.66,8.2,5.33,6.9
1991-09-01,8977252.0,1191.028,3354.9,80.7568,5.45,,5.22,6.9
1991-10-01,9016444.0,1233.261,3360.1,80.5727,5.21,7.45,4.99,7.0
1991-11-01,9016444.0,1233.261,3365.5,80.3561,4.81,7.48,4.56,7.0
1991-12-01,9016444.0,1233.261,3372.2,79.8698,4.43,,4.07,7.3
1992-01-01,9122950.0,1210.478,3381.2,79.3038,4.03,,3.8,7.3
1992-02-01,9122950.0,1210.478,3400.0,79.7133,4.06,,3.84,7.4
1992-03-01,9122950.0,1210.478,3403.9,80.2192,3.98,,4.04,7.4
1992-04-01,9223545.0,1278.935,3399.7,80.6613,3.73,7.46,3.75,7.4
1992-05-01,9223545.0,1278.935,3398.6,80.7461,3.82,7.56,3.63,7.6
1992-06-01,9223545.0,1278.935,3393.4,80.6077,3.76,7.39,3.66,7.8
1992-07-01,9313208.0,1289.101,3393.9,81.1531,3.25,7.1,3.21,7.7
1992-08-01,9313208.0,1289.101,3398.8,80.5215,3.3,,3.13,7.6
1992-09-01,9313208.0,1289.101,3410.3,80.6052,3.22,6.56,2.91,7.6
1992-10-01,9406528.0,1328.433,3423.8,80.9878,3.1,6.23,2.86,7.3
1992-11-01,9406528.0,1328.433,3426.5,81.1373,3.09,,3.13,7.4
1992-12-01,9406528.0,1328.433,3424.7,81.1101,2.92,6.94,3.22,7.4
1993-01-01,9424065.0,1359.751,3419.1,81.2846,3.02,,3.0,7.3
1993-02-01,9424065.0,1359.751,3414.5,81.5417,3.03,6.38,2.93,7.1
1993-03-01,9424065.0,1359.751,3411.7,81.3332,3.07,5.94,2.95,7.0
1993-04-01,9480106.0,1367.575,3411.3,81.4361,2.96,6.06,2.87,7.1
1993-05-01,9480106.0,1367.575,3436.9,81.0138,3.0,,2.96,7.1
1993-06-01,9480106.0,1367.575,3442.4,81.0769,3.04,6.07,3.07,7.0
1993-07-01,9526337.0,1358.287,3442.0,81.1612,3.06,5.8,3.04,6.9
1993-08-01,9526337.0,1358.287,3445.7,80.9411,3.03,,3.02,6.8
1993-09-01,9526337.0,1358.287,3452.2,81.2154,3.09,5.46,2.95,6.7
1993-10-01,9653509.0,1429.661,3456.7,81.6695,2.99,5.34,3.02,6.8
1993-11-01,9653509.0,1429.661,3470.1,81.8847,3.02,5.56,3.1,6.6
1993-12-01,9653509.0,1429.661,3474.5,82.1813,2.96,5.82,3.06,6.5
1994-01-01,9748156.0,1484.116,3474.9,82.2458,3.05,,2.98,6.6
1994-02-01,9748156.0,1484.116,3475.7,82.0964,3.25,5.77,3.25,6.6
1994-03-01,9748156.0,1484.116,3480.1,82.7001,3.34,6.28,3.5,6.5
1994-04-01,9881384.0,1557.107,3481.3,82.9607,3.56,,3.68,6.4
1994-05-01,9881384.0,1557.107,3490.8,83.1048,4.01,,4.14,6.1
1994-06-01,9881384.0,1557.107,3479.5,83.409,4.25,7.12,4.14,6.1
1994-07-01,9939655.0,1531.67,3488.2,83.2543,4.26,7.34,4.33,6.1
1994-08-01,9939655.0,1531.67,3485.7,83.5424,4.47,7.13,4.48,6.0
1994-09-01,9939655.0,1531.67,3486.1,83.5225,4.73,7.19,4.62,5.9
1994-10-01,10052518.0,1594.684,3484.3,83.9295,4.76,,4.95,5.8
1994-11-01,10052518.0,1594.684,3487.2,84.2193,5.29,7.91,5.29,5.6
1994-12-01,10052518.0,1594.684,3486.4,84.7763,5.45,7.92,5.6,5.5
1995-01-01,10086878.0,1611.428,3492.4,84.6624,5.53,,5.71,5.6
1995-02-01,10086878.0,1611.428,3489.9,84.2817,5.92,7.66,5.77,5.4
1995-03-01,10086878.0,1611.428,3491.1,84.1264,5.98,7.23,5.73,5.4
1995-04-01,10122122.0,1577.96,3499.2,83.7001,6.05,,5.65,5.8
1995-05-01,10122122.0,1577.96,3524.2,83.8228,6.01,7.09,5.67,5.6
1995-06-01,10122122.0,1577.96,3548.9,83.8038,6.0,6.2,5.47,5.6
1995-07-01,10208772.0,1568.555,3567.4,83.1565,5.85,,5.42,5.7
1995-08-01,10208772.0,1568.555,3589.0,83.9385,5.74,6.5,5.4,5.7
1995-09-01,10208772.0,1568.555,3602.1,83.9436,5.8,6.22,5.28,5.6
1995-10-01,10281246.0,1607.513,3613.4,83.4711,5.76,,5.28,5.5
1995-11-01,10281246.0,1607.513,3619.9,83.3377,5.8,5.98,5.36,5.6
1995-12-01,10281246.0,1607.513,3629.5,83.2653,5.6,5.71,5.14,5.6
1996-01-01,10348691.0,1633.332,3647.9,82.4552,5.56,,5.0,5.6
1996-02-01,10348691.0,1633.332,3661.8,83.2784,5.22,5.63,4.83,5.5
1996-03-01,10348691.0,1633.332,3686.9,82.7819,5.31,5.99,4.96,5.5
1996-04-01,10529379.0,1711.813,3697.7,83.2259,5.22,6.31,4.95,5.6
1996-05-01,10529379.0,1711.813,3709.6,83.4707,5.24,6.68,5.02,5.6
1996-06-01,10529379.0,1711.813,3722.5,83.7026,5.27,,5.09,5.3
1996-07-01,10626778.0,1789.565,3737.1,83.3175,5.4,6.74,5.15,5.5
1996-08-01,10626778.0,1789.565,3744.0,83.3523,5.22,6.65,5.05,5.1
1996-09-01,10626778.0,1789.565,3753.4,83.4837,5.3,,5.09,5.2
1996-10-01,10739057.0,1787.19,3772.8,83.0746,5.24,6.65,4.99,5.2
1996-11-01,10739057.0,1787.19,3795.1,83.4158,5.31,6.38,5.03,5.4
1996-12-01,10739057.0,1787.19,3818.6,83.5292,5.29,,4.91,5.4
1997-01-01,10820908.0,1823.255,3834.6,83.2734,5.25,,5.03,5.3
1997-02-01,10820908.0,1823.255,3846.3,83.8357,5.19,,5.01,5.2
1997-03-01,10820908.0,1823.255,3861.2,83.9386,5.39,,5.14,5.2
1997-04-01,10984150.0,1935.157,3877.0,83.5773,5.51,6.9,5.16,5.1
1997-05-01,10984150.0,1935.157,3889.2,83.6033,5.5,6.69,5.05,4.9
1997-06-01,10984150.0,1935.157,3906.0,83.5281,5.56,,4.93,5.0
1997-07-01,11124013.0,1962.053,3923.9,83.75,5.52,6.45,5.05,4.9
1997-08-01,11124013.0,1962.053,3957.4,84.0989,5.54,6.2,5.14,4.8
1997-09-01,11124013.0,1962.053,3973.1,84.3562,5.54,,4.95,4.9
1997-10-01,11210329.0,1990.86,3992.3,84.5733,5.5,6.04,4.97,4.7
1997-11-01,11210329.0,1990.86,4014.8,84.6992,5.52,,5.14,4.6
1997-12-01,11210329.0,1990.86,4032.9,84.5069,5.5,5.86,5.16,4.7
1998-01-01,11321246.0,2078.205,4056.2,84.3255,5.56,,5.04,4.6
1998-02-01,11321246.0,2078.205,4088.9,83.9236,5.51,,5.09,4.6
1998-03-01,11321246.0,2078.205,4114.3,83.4139,5.49,,5.03,4.7
1998-04-01,11431046.0,2065.336,4140.2,83.1697,5.45,5.62,4.95,4.3
1998-05-01,11431046.0,2065.336,4164.4,83.1957,5.49,5.67,5.0,4.4
1998-06-01,11431046.0,2065.336,4184.1,82.2129,5.56,5.53,4.98,4.5
1998-07-01,11580587.0,2118.989,4203.8,81.4369,5.54,5.44,4.96,4.5
1998-08-01,11580587.0,2118.989,4228.7,82.6826,5.55,,4.9,4.5
1998-09-01,11580587.0,2118.989,4267.7,82.1974,5.51,5.05,4.61,4.6
1998-10-01,11770686.0,2183.382,4307.9,82.3679,5.07,4.33,3.96,4.5
1998-11-01,11770686.0,2183.382,4346.6,81.9145,4.83,,4.41,4.4
1998-12-01,11770686.0,2183.382,4375.6,81.8823,4.68,4.67,4.39,4.4
1999-01-01,11864675.0,2243.548,4403.0,81.8698,4.63,,4.34,4.3
1999-02-01,11864675.0,2243.548,4425.8,82.0031,4.76,4.75,4.44,4.4
1999-03-01,11864675.0,2243.548,4432.6,81.8486,4.81,5.4,4.44,4.2
1999-04-01,11962524.0,2244.682,4461.4,81.7151,4.74,5.27,4.29,4.3
1999-05-01,11962524.0,2244.682,4486.1,81.9082,4.74,,4.5,4.2
1999-06-01,11962524.0,2244.682,4508.0,81.5543,4.76,5.78,4.57,4.3
1999-07-01,12113075.0,2306.47,4535.4,81.7388,4.99,5.85,4.55,4.3
1999-08-01,12113075.0,2306.47,4552.7,81.8026,5.07,,4.72,4.2
1999-09-01,12113075.0,2306.47,4568.8,81.1741,5.22,5.99,4.68,4.2
1999-10-01,12323336.0,2367.988,4592.7,81.9218,5.2,6.0,4.86,4.1
1999-11-01,12323336.0,2367.988,4611.8,82.0702,5.42,6.06,5.07,4.1
1999-12-01,12323336.0,2367.988,4639.3,82.4391,5.3,6.21,5.2,4.0
2000-01-01,12359095.0,2351.223,4667.6,82.0932,5.45,,5.32,4.0
2000-02-01,12359095.0,2351.223,4680.9,82.0943,5.73,6.62,5.55,4.1
2000-03-01,12359095.0,2351.223,4711.7,82.134,5.85,6.39,5.69,4.0
2000-04-01,12592530.0,2490.501,4767.8,82.3741,6.02,,5.66,3.8
2000-05-01,12592530.0,2490.501,4755.7,82.335,6.27,6.29,5.79,4.0
2000-06-01,12592530.0,2490.501,4773.6,82.1191,6.53,6.2,5.69,4.0
2000-07-01,12607676.0,2466.375,4791.3,81.7036,6.54,,5.96,4.0
2000-08-01,12607676.0,2466.375,4819.5,81.2193,6.5,6.0,6.09,4.1
2000-09-01,12607676.0,2466.375,4855.3,81.2955,6.52,5.68,6.0,3.9
2000-10-01,12679338.0,2471.534,4871.4,80.7298,6.51,,6.11,3.9
2000-11-01,12679338.0,2471.534,4882.8,80.4815,6.51,5.74,6.17,3.9
2000-12-01,12679338.0,2471.534,4927.7,79.9449,6.4,5.52,5.77,3.9
2001-01-01,12643283.0,2358.969,4978.4,79.2915,5.98,,5.15,4.2
2001-02-01,12643283.0,2358.969,5017.1,78.5159,5.49,5.1,4.88,4.2
2001-03-01,12643283.0,2358.969,5074.9,78.0741,5.31,4.87,4.42,4.3
2001-04-01,12710303.0,2362.652,5139.2,77.561,4.8,,3.87,4.4
2001-05-01,12710303.0,2362.652,5137.3,76.9249,4.21,5.3,3.62,4.3
2001-06-01,12710303.0,2362.652,5180.3,76.3013,3.97,5.39,3.49,4.5
2001-07-01,12670106.0,2311.409,5210.2,75.6377,3.77,,3.51,4.6
2001-08-01,12670106.0,2311.409,5243.9,75.3826,3.65,5.11,3.36,4.9
2001-09-01,12670106.0,2311.409,5355.3,74.7982,3.07,,2.64,5.0
2001-10-01,12705269.0,2196.554,5344.0,74.4059,2.49,4.55,2.16,5.3
2001-11-01,12705269.0,2196.554,5387.7,73.8179,2.09,4.24,1.87,5.5
2001-12-01,12705269.0,2196.554,5440.7,73.6523,1.82,,1.69,5.7
2002-01-01,12822258.0,2262.071,5461.1,74.042,1.73,,1.65,5.7
2002-02-01,12822258.0,2262.071,5490.4,73.9315,1.74,5.02,1.72,5.7
2002-03-01,12822258.0,2262.071,5502.2,74.401,1.73,4.98,1.79,5.7
2002-04-01,12893002.0,2298.939,5502.3,74.683,1.75,5.44,1.71,5.9
2002-05-01,12893002.0,2298.939,5528.5,74.948,1.75,5.08,1.73,5.8
2002-06-01,12893002.0,2298.939,5553.5,75.5244,1.75,,1.7,5.8
2002-07-01,12955769.0,2295.983,5596.2,75.4765,1.73,4.85,1.68,5.8
2002-08-01,12955769.0,2295.983,5638.4,75.39,1.74,4.47,1.62,5.7
2002-09-01,12955769.0,2295.983,5662.5,75.4643,1.75,,1.63,5.7
2002-10-01,12964016.0,2293.746,5707.2,75.2771,1.75,3.72,1.58,5.7
2002-11-01,12964016.0,2293.746,5758.2,75.7113,1.34,4.01,1.23,5.9
2002-12-01,12964016.0,2293.746,5779.5,75.3192,1.24,,1.19,6.0
2003-01-01,13031169.0,2312.465,5812.3,75.9737,1.24,,1.17,5.8
2003-02-01,13031169.0,2312.465,5848.4,76.0964,1.26,,1.17,5.9
2003-03-01,13031169.0,2312.465,5868.6,75.9158,1.25,,1.13,5.9
2003-04-01,13152089.0,2327.492,5905.7,75.471,1.26,3.84,1.13,6.0
2003-05-01,13152089.0,2327.492,5965.5,75.4753,1.26,3.88,1.07,6.1
2003-06-01,13152089.0,2327.492,6002.4,75.6024,1.22,,0.92,6.3
2003-07-01,13372357.0,2411.638,6049.4,76.0121,1.01,3.56,0.9,6.2
2003-08-01,13372357.0,2411.638,6107.3,75.865,1.03,4.44,0.95,6.1
2003-09-01,13372357.0,2411.638,6079.9,76.3685,1.01,,0.94,6.1
2003-10-01,13528710.0,2493.928,6070.2,76.4833,1.01,3.96,0.92,6.0
2003-11-01,13528710.0,2493.928,6075.7,77.0141,1.0,,0.93,5.8
2003-12-01,13528710.0,2493.928,6074.0,77.0642,0.98,4.4,0.9,5.7
2004-01-01,13606509.0,2498.14,6082.2,77.2041,1.0,,0.88,5.7
2004-02-01,13606509.0,2498.14,6121.9,77.6963,1.01,,0.93,5.6
2004-03-01,13606509.0,2498.14,6158.0,77.4077,1.0,4.0,0.94,5.8
2004-04-01,13706247.0,2597.507,6199.1,77.7236,1.0,3.91,0.94,5.6
2004-05-01,13706247.0,2597.507,6275.9,78.3145,1.0,,1.02,5.6
2004-06-01,13706247.0,2597.507,6278.1,77.724,1.03,4.71,1.27,5.6
2004-07-01,13830828.0,2638.672,6291.3,78.305,1.26,4.57,1.33,5.5
2004-08-01,13830828.0,2638.672,6317.9,78.3738,1.43,,1.48,5.4
2004-09-01,13830828.0,2638.672,6352.3,78.4547,1.61,4.13,1.65,5.4
2004-10-01,13950376.0,2693.575,6379.9,79.1352,1.76,4.21,1.76,5.5
2004-11-01,13950376.0,2693.575,6406.5,79.3,1.93,4.11,2.07,5.4
2004-12-01,13950376.0,2693.575,6424.7,79.8779,2.16,4.38,2.19,5.4
2005-01-01,14099081.0,2769.261,6431.0,80.1076,2.28,,2.33,5.3
2005-02-01,14099081.0,2769.261,6439.1,80.6185,2.5,4.15,2.54,5.4
2005-03-01,14099081.0,2769.261,6448.4,80.4254,2.63,4.38,2.74,5.2
2005-04-01,14172695.0,2733.225,6462.0,80.5049,2.79,4.46,2.78,5.2
2005-05-01,14172695.0,2733.225,6479.2,80.4835,3.0,,2.84,5.1
2005-06-01,14172695.0,2733.225,6511.8,80.7304,3.04,3.91,2.97,5.0
2005-07-01,14291757.0,2769.106,6543.7,80.3636,3.26,4.06,3.22,5.0
2005-08-01,14291757.0,2769.106,6576.5,80.5144,3.5,4.32,3.44,4.9
2005-09-01,14291757.0,2769.106,6610.3,78.8408,3.62,4.02,3.42,5.0
2005-10-01,14373438.0,2857.35,6644.1,79.6882,3.78,,3.71,5.0
2005-11-01,14373438.0,2857.35,6660.8,80.4459,4.0,4.58,3.88,5.0
2005-12-01,14373438.0,2857.35,6688.0,80.7149,4.16,4.52,3.89,4.9
2006-01-01,14546119.0,2899.229,6730.3,80.7219,4.29,,4.24,4.7
2006-02-01,14546119.0,2899.229,6754.9,80.6346,4.49,4.57,4.43,4.8
2006-03-01,14546119.0,2899.229,6769.5,80.693,4.59,4.59,4.51,4.7
2006-04-01,14589585.0,2882.564,6807.0,80.8033,4.79,,4.6,4.7
2006-05-01,14589585.0,2882.564,6813.9,80.6874,4.94,5.14,4.72,4.6
2006-06-01,14589585.0,2882.564,6852.1,80.8131,4.99,5.11,4.79,4.6
2006-07-01,14602633.0,2871.589,6893.9,80.6047,5.24,,4.95,4.7
2006-08-01,14602633.0,2871.589,6925.3,80.7869,5.25,4.99,4.96,4.7
2006-09-01,14602633.0,2871.589,6952.6,80.4643,5.25,4.73,4.81,4.5
2006-10-01,14716930.0,2818.228,7002.0,80.1979,5.25,,4.92,4.4
2006-11-01,14716930.0,2818.228,7037.5,79.9873,5.25,4.57,4.94,4.5
2006-12-01,14716930.0,2818.228,7080.4,80.6149,5.24,4.43,4.85,4.4
2007-01-01,14726022.0,2800.037,7118.5,80.1358,5.25,,4.98,4.6
2007-02-01,14726022.0,2800.037,7134.6,80.7193,5.26,4.84,5.03,4.5
2007-03-01,14726022.0,2800.037,7168.5,80.6791,5.26,4.56,4.94,4.4
2007-04-01,14838664.0,2827.01,7241.0,81.0476,5.25,,4.87,4.5
2007-05-01,14838664.0,2827.01,7254.9,80.9347,5.25,4.64,4.73,4.4
2007-06-01,14838664.0,2827.01,7288.1,80.8222,5.25,4.95,4.61,4.6
2007-07-01,14938467.0,2794.526,7319.0,80.5906,5.26,,4.82,4.7
2007-08-01,14938467.0,2794.526,7395.1,80.6774,5.02,4.76,4.2,4.6
2007-09-01,14938467.0,2794.526,7413.3,80.8326,4.94,,3.89,4.7
2007-10-01,14991784.0,2762.518,7428.4,80.5829,4.76,4.56,3.9,4.7
2007-11-01,14991784.0,2762.518,7453.8,81.0492,4.49,4.36,3.27,4.7
2007-12-01,14991784.0,2762.518,7484.2,81.1309,4.24,,3.0,5.0
2008-01-01,14889450.0,2686.998,7517.8,81.0828,3.94,,2.75,5.0
2008-02-01,14889450.0,2686.998,7604.2,80.8474,2.98,3.62,2.12,4.9
2008-03-01,14889450.0,2686.998,7670.3,80.6547,2.61,,1.26,5.1
2008-04-01,14963357.0,2641.85,7712.8,80.1636,2.28,3.57,1.29,5.0
2008-05-01,14963357.0,2641.85,7725.5,79.7148,1.98,3.78,1.73,5.4
2008-06-01,14963357.0,2641.85,7744.2,79.5288,2.0,,1.86,5.6
2008-07-01,14891643.0,2589.254,7791.5,79.1573,2.01,4.01,1.63,5.8
2008-08-01,14891643.0,2589.254,7806.1,77.8633,2.0,3.97,1.72,6.1
2008-09-01,14891643.0,2589.254,7872.7,74.3831,1.81,,1.13,6.1
2008-10-01,14576985.0,2338.938,7975.3,75.0459,0.97,3.77,0.67,6.5
2008-11-01,14576985.0,2338.938,8027.3,73.9671,0.39,,0.19,6.8
2008-12-01,14576985.0,2338.938,8205.0,71.7765,0.16,2.72,0.03,7.3
2009-01-01,14375018.0,2073.135,8289.4,69.8882,0.15,,0.13,7.8
2009-02-01,14375018.0,2073.135,8319.6,69.3805,0.22,,0.3,8.3
2009-03-01,14375018.0,2073.135,8386.7,68.2145,0.18,,0.21,8.7
2009-04-01,14355558.0,1952.641,8391.4,67.6067,0.15,2.68,0.16,9.0
2009-05-01,14355558.0,1952.641,8449.5,66.8861,0.18,3.21,0.18,9.4
2009-06-01,14355558.0,1952.641,8459.5,66.6446,0.21,3.71,0.18,9.5
2009-07-01,14402477.0,1946.867,8463.8,67.4381,0.16,3.55,0.18,9.5
2009-08-01,14402477.0,1946.867,8463.3,68.2152,0.16,,0.17,9.6
2009-09-01,14402477.0,1946.867,8461.8,68.8533,0.15,3.38,0.12,9.8
2009-10-01,14541901.0,2128.516,8488.1,69.0873,0.12,3.21,0.07,10.0
2009-11-01,14541901.0,2128.516,8517.3,69.468,0.12,,0.05,9.9
2009-12-01,14541901.0,2128.516,8512.5,69.823,0.12,3.28,0.05,9.9
2010-01-01,14604845.0,2174.335,8478.0,70.7084,0.11,,0.06,9.8
2010-02-01,14604845.0,2174.335,8527.6,71.1021,0.13,3.68,0.11,9.8
2010-03-01,14604845.0,2174.335,8523.7,71.7572,0.16,3.61,0.15,9.9
2010-04-01,14745933.0,2288.469,8555.1,72.1775,0.2,3.89,0.16,9.9
2010-05-01,14745933.0,2288.469,8609.3,73.3305,0.2,,0.16,9.6
2010-06-01,14745933.0,2288.469,8628.4,73.6492,0.18,3.29,0.12,9.4
2010-07-01,14845458.0,2390.072,8639.8,74.0764,0.18,2.96,0.16,9.4
2010-08-01,14845458.0,2390.072,8688.2,74.479,0.19,,0.16,9.5
2010-09-01,14845458.0,2390.072,8718.9,74.8001,0.19,2.58,0.15,9.5
2010-10-01,14939001.0,2383.297,8768.7,74.6921,0.19,2.54,0.13,9.4
2010-11-01,14939001.0,2383.297,8789.3,74.8191,0.19,2.66,0.14,9.8
2010-12-01,14939001.0,2383.297,8822.9,75.6199,0.18,2.97,0.14,9.3
2011-01-01,14881301.0,2338.901,8845.2,75.4919,0.17,,0.15,9.1
2011-02-01,14881301.0,2338.901,8909.0,75.1957,0.16,3.48,0.13,9.0
2011-03-01,14881301.0,2338.901,8967.0,75.9692,0.14,3.41,0.1,9.0
2011-04-01,14989555.0,2434.538,9030.4,75.6918,0.1,3.46,0.06,9.1
2011-05-01,14989555.0,2434.538,9102.7,75.7389,0.09,,0.04,9.0
2011-06-01,14989555.0,2434.538,9176.7,75.8967,0.09,2.96,0.04,9.1
2011-07-01,15021149.0,2445.296,9338.7,76.1727,0.07,3.22,0.04,9.0
2011-08-01,15021149.0,2445.296,9525.1,76.557,0.1,2.77,0.02,9.0
2011-09-01,15021149.0,2445.296,9545.3,76.3854,0.08,2.15,0.01,9.0
2011-10-01,15190255.0,2633.829,9578.1,76.7959,0.07,,0.02,8.8
2011-11-01,15190255.0,2633.829,9629.8,76.6551,0.08,2.01,0.01,8.6
2011-12-01,15190255.0,2633.829,9677.4,76.9204,0.07,2.11,0.01,8.5
2012-01-01,15291035.0,2692.179,9750.5,77.2407,0.08,,0.03,8.3
2012-02-01,15291035.0,2692.179,9802.2,77.3425,0.1,1.87,0.09,8.3
2012-03-01,15291035.0,2692.179,9846.2,76.798,0.13,2.03,0.08,8.2
2012-04-01,15362415.0,2752.614,9899.8,77.2057,0.14,,0.08,8.2
2012-05-01,15362415.0,2752.614,9943.0,77.233,0.16,1.98,0.09,8.2
2012-06-01,15362415.0,2752.614,10013.0,77.1126,0.16,1.47,0.09,8.2
2012-07-01,15380802.0,2759.86,10065.7,77.1378,0.16,,0.1,8.2
2012-08-01,15380802.0,2759.86,10136.4,76.6993,0.13,1.56,0.1,8.1
2012-09-01,15380802.0,2759.86,10216.6,76.5385,0.14,,0.11,7.8
2012-10-01,15384254.0,2736.423,10282.8,76.6654,0.16,1.64,0.1,7.8
2012-11-01,15384254.0,2736.423,10351.8,76.849,0.16,1.75,0.09,7.7
2012-12-01,15384254.0,2736.423,10474.4,76.9607,0.16,,0.07,7.9
2013-01-01,15491878.0,2845.38,10497.6,76.8466,0.14,,0.07,8.0
2013-02-01,15491878.0,2845.38,10516.6,77.1172,0.15,2.04,0.1,7.7
2013-03-01,15491878.0,2845.38,10572.9,77.3418,0.14,1.86,0.09,7.5
2013-04-01,15521559.0,2882.489,10600.4,77.1785,0.15,1.86,0.06,7.6
2013-05-01,15521559.0,2882.489,10634.7,77.1749,0.11,1.66,0.04,7.5
2013-06-01,15521559.0,2882.489,10692.3,77.2476,0.09,,0.05,7.5
2013-07-01,15641336.0,2998.991,10731.5,76.9323,0.09,2.5,0.04,7.3
2013-08-01,15641336.0,2998.991,10789.6,77.3333,0.08,2.74,0.04,7.2
2013-09-01,15641336.0,2998.991,10850.0,77.6904,0.08,,0.02,7.2
2013-10-01,15793928.0,3027.805,10974.2,77.5455,0.09,2.66,0.05,7.2
2013-11-01,15793928.0,3027.805,10982.9,77.6904,0.08,2.65,0.07,6.9
2013-12-01,15793928.0,3027.805,11047.8,77.8052,0.09,,0.07,6.7
2014-01-01,15757570.0,2998.148,11117.6,77.4541,0.07,,0.04,6.6
2014-02-01,15757570.0,2998.148,11183.2,77.9861,0.07,,0.05,6.7
2014-03-01,15757570.0,2998.148,11219.1,78.7,0.08,,0.05,6.7
2014-04-01,15935825.0,3121.321,11264.0,78.7032,0.09,2.77,0.03,6.2
2014-05-01,15935825.0,3121.321,11328.5,78.9551,0.09,2.63,0.03,6.3
2014-06-01,15935825.0,3121.321,11383.7,79.1445,0.1,,0.04,6.1
2014-07-01,16139513.0,3193.152,11438.4,79.236,0.09,2.58,0.03,6.2
2014-08-01,16139513.0,3193.152,11462.5,79.0306,0.09,2.52,0.03,6.1
2014-09-01,16139513.0,3193.152,11503.7,79.1927,0.09,,0.02,5.9
2014-10-01,16220222.0,3203.351,11577.5,79.1358,0.09,2.42,0.02,5.7
2014-11-01,16220222.0,3203.351,11618.2,79.5592,0.09,,0.02,5.8
2014-12-01,16220222.0,3203.351,11701.9,79.5137,0.12,2.22,0.03,5.6
2015-01-01,16349970.0,3314.895,11788.8,78.8301,0.11,,0.03,5.7
2015-02-01,16349970.0,3314.895,11905.6,78.2911,0.11,,0.02,5.5
2015-03-01,16349970.0,3314.895,11903.7,77.9964,0.11,,0.03,5.4
2015-04-01,16460889.0,3328.049,11937.6,77.5449,0.12,1.87,0.02,5.4
2015-05-01,16460889.0,3328.049,11965.0,77.1821,0.12,2.12,0.02,5.6
2015-06-01,16460889.0,3328.049,12005.6,76.9429,0.13,2.19,0.02,5.3
2015-07-01,16527587.0,3335.27,12049.2,77.4307,0.13,2.43,0.03,5.2
2015-08-01,16527587.0,3335.27,12093.7,77.308,0.14,,0.07,5.1
2015-09-01,16527587.0,3335.27,12154.8,77.1039,0.14,2.17,0.02,5.0
2015-10-01,16547619.0,3315.334,12206.1,76.752,0.12,2.05,0.02,5.0
2015-11-01,16547619.0,3315.334,12297.5,76.2118,0.12,,0.12,5.1
2015-12-01,16547619.0,3315.334,12368.7,75.845,0.24,2.15,0.23,5.0
2016-01-01,16571573.0,3301.09,12506.0,76.2263,0.34,,0.26,4.8
2016-02-01,16571573.0,3301.09,12578.2,75.8298,0.38,1.97,0.31,4.9
2016-03-01,16571573.0,3301.09,12629.0,75.2411,0.36,1.83,0.29,5.0
2016-04-01,16663516.0,3287.033,12708.0,75.4701,0.37,1.79,0.23,5.1
2016-05-01,16663516.0,3287.033,12775.0,75.2833,0.37,,0.27,4.8
2016-06-01,16663516.0,3287.033,12835.4,75.6283,0.38,1.85,0.27,4.9
2016-07-01,16778148.0,3301.079,12889.7,75.6916,0.39,1.46,0.3,4.8
2016-08-01,16778148.0,3301.079,12973.9,75.5879,0.4,1.51,0.3,4.9
2016-09-01,16778148.0,3301.079,13034.2,75.4977,0.4,1.57,0.29,5.0
2016-10-01,16851420.0,3391.749,13107.5,75.5318,0.4,,0.33,4.9
2016-11-01,16851420.0,3391.749,13181.0,75.2309,0.41,1.83,0.45,4.7
2016-12-01,16851420.0,3391.749,13226.1,75.7622,0.54,2.45,0.51,4.7
2017-01-01,16903240.0,3382.703,13300.7,75.5995,0.65,,0.51,4.7
2017-02-01,16903240.0,3382.703,13367.3,75.3306,0.66,2.48,0.52,4.6
2017-03-01,16903240.0,3382.703,13428.7,75.8344,0.79,2.46,0.74,4.4
2017-04-01,17031085.0,3435.929,13484.7,76.6403,0.9,,0.8,4.4
2017-05-01,,3435.929,13536.7,76.764,0.91,2.33,0.89,4.4
2017-06-01,,3435.929,13558.5,76.9926,1.04,2.21,0.98,4.3
2017-07-01,,3493.166,13615.4,76.878,1.15,,1.07,4.3
2017-08-01,,3493.166,13674.6,76.6139,1.16,2.26,1.01,4.4
2017-09-01,,3493.166,13723.0,76.7906,1.15,2.16,1.03,4.3
2017-10-01,,3558.859,13782.3,77.8346,1.15,,1.07,4.2
2017-11-01,,3558.859,13814.9,78.1204,1.16,2.37,1.23,4.2
2017-12-01,,3558.859,13873.8,78.3837,1.3,2.37,1.32,4.1
2018-01-01,,3612.936,13883.2,78.4548,1.41,,1.41,4.0
2018-02-01,,3612.936,13919.3,78.7047,1.42,2.78,1.57,4.1
2018-03-01,,3612.936,13976.0,79.1096,1.51,2.81,1.7,4.0
2018-04-01,,3612.389,13993.9,80.0436,1.69,,1.76,4.0
2018-05-01,,3612.389,14049.6,79.3092,1.7,2.97,1.86,3.8
2018-06-01,,3612.389,14109.9,79.9674,1.82,2.89,1.9,4.0
2018-07-01,,3722.248,14144.2,80.0561,1.91,,1.96,3.8
2018-08-01,,3722.248,14193.9,80.5741,1.91,3.0,2.03,3.8
2018-09-01,,3722.248,14229.3,80.5711,1.95,,2.13,3.7
2018-10-01,,3724.752,14241.4,80.3884,2.19,3.09,2.25,3.8
2018-11-01,,3724.752,14260.8,80.3962,2.2,3.14,2.33,3.8
2018-12-01,,3724.752,14382.6,80.358,2.27,,2.37,3.9
2019-01-01,,3755.53,14446.1,79.7599,2.4,,2.37,4.0
2019-02-01,,3755.53,14481.2,79.2768,2.4,2.7,2.39,3.8
2019-03-01,,3755.53,14526.2,79.2123,2.41,2.76,2.4,3.8
2019-04-01,,3790.049,14554.5,78.7037,2.42,2.49,2.38,3.7
2019-05-01,,3790.049,14652.4,78.7358,2.39,2.52,2.35,3.6
2019-06-01,,3790.049,14771.4,78.7532,2.38,,2.17,3.6
2019-07-01,,3819.94,14853.5,78.2629,2.4,2.03,2.1,3.7
2019-08-01,,3819.94,14934.7,78.7796,2.13,1.9,1.95,3.6
2019-09-01,,3819.94,15031.4,78.4615,2.04,,1.89,3.5
2019-10-01,,3770.431,15167.3,77.7295,1.83,1.65,1.65,3.6
2019-11-01,,3770.431,15276.9,78.1046,1.55,1.73,1.54,3.6
2019-12-01,,3770.431,15348.0,77.9031,1.55,,1.54,3.6
2020-01-01,,3676.274,15416.8,77.4105,1.55,,1.52,3.6
2020-02-01,,3676.274,15467.0,77.6537,1.58,,1.52,3.5
2020-03-01,,3676.274,15993.8,74.5527,0.65,,0.29,4.4
2020-04-01,,3163.508,17005.8,64.6982,0.05,0.62,0.14,14.8
2020-05-01,,3163.508,17853.4,65.7487,0.05,0.64,0.13,13.2
2020-06-01,,3163.508,18141.1,70.134,0.08,0.66,0.16,11.0
2020-07-01,,3755.526,18298.0,72.7591,0.09,0.69,0.13,10.2
2020-08-01,,3755.526,18364.3,73.5674,0.1,,0.1,8.4
2020-09-01,,3755.526,18596.6,73.6543,0.09,0.68,0.11,7.8
2020-10-01,,3878.929,18751.3,74.2728,0.09,0.68,0.1,6.9
2020-11-01,,3878.929,18979.1,74.7456,0.09,,0.09,6.7
2020-12-01,,3878.929,19133.2,75.8651,0.09,0.92,0.09,6.7
2021-01-01,,3849.329,19359.7,76.5008,0.09,,0.08,6.4
2021-02-01,,3849.329,19596.7,74.0987,0.08,1.09,0.04,6.2
2021-03-01,,3849.329,19823.4,76.3455,0.07,1.45,0.03,6.1
2021-04-01,,3799.029,20161.7,76.6187,0.07,1.69,0.02,6.1
2021-05-01,,3799.029,20430.6,77.4469,0.06,,0.02,5.8
2021-06-01,,3799.029,20472.9,77.9619,0.08,1.62,0.04,5.9
2021-07-01,,3937.3,20628.2,78.4327,0.1,1.48,0.05,5.4
2021-08-01,,3937.3,20811.0,78.5435,0.09,,0.05,5.1
2021-09-01,,3937.3,20979.2,77.8344,0.08,1.31,0.04,4.7
2021-10-01,,4191.773,21142.3,78.9984,0.08,1.48,0.05,4.5
2021-11-01,,4191.773,21316.8,79.7955,0.08,1.58,0.05,4.2
2021-12-01,,4191.773,21471.0,79.7947,0.08,1.43,0.06,3.9
2022-01-01,,4272.382,21587.3,79.8471,0.08,,0.15,4.0
2022-02-01,,4272.382,21685.0,80.357,0.08,1.81,0.33,3.8
2022-03-01,,4272.382,21721.3,80.9989,0.2,1.72,0.44,3.7
2022-04-01,,4176.99,21750.0,81.1458,0.33,2.39,0.76,3.7
2022-05-01,,4176.99,21690.7,81.1363,0.77,,0.98,3.6
2022-06-01,,4176.99,21642.9,80.9375,1.21,2.94,1.49,3.6
2022-07-01,,4105.292,21641.7,81.0054,1.68,2.88,2.23,3.5
2022-08-01,,4105.292,21606.9,80.9637,2.33,2.6,2.63,3.6
2022-09-01,,4105.292,21521.1,81.0936,2.56,3.26,3.13,3.5
2022-10-01,,4184.98,21424.5,80.8551,3.08,,3.72,3.6
2022-11-01,,4184.98,21358.1,80.4107,3.78,4.07,4.15,3.6
2022-12-01,,4184.98,21219.1,79.2286,4.1,3.53,4.25,3.5
2023-01-01,,4108.542,21205.3,79.7542,4.33,,4.54,3.5
2023-02-01,,4108.542,21184.5,79.6087,4.57,3.39,4.65,3.6
2023-03-01,,4108.542,20876.2,79.4362,4.65,4.01,4.69,3.5
2023-04-01,,4180.752,20729.8,79.5726,4.83,,4.92,3.4
2023-05-01,,4180.752,20801.2,79.2151,5.06,3.59,5.14,3.6
2023-06-01,,4180.752,20782.7,78.5968,5.08,3.61,5.16,3.6
2023-07-01,,4275.527,20772.1,78.986,5.12,,5.25,3.5
2023-08-01,,4275.527,20746.9,78.8773,5.33,4.05,5.3,3.7
2023-09-01,,4275.527,20720.5,78.9282,5.33,4.18,5.32,3.8
2023-10-01,,4313.169,20687.4,78.2711,5.33,,5.34,3.9
2023-11-01,,4313.169,20696.8,78.4172,5.33,4.77,5.27,3.7
2023-12-01,,4313.169,20701.4,78.1414,5.33,4.22,5.24,3.8
2024-01-01,,4296.251,20773.1,77.1945,5.33,,5.22,3.7
2024-02-01,,4296.251,20861.1,78.0707,5.33,3.87,5.24,3.9
2024-03-01,,4296.251,20901.1,77.8455,5.33,4.19,5.24,3.9
2024-04-01,,4381.983,20932.7,77.6572,5.33,4.33,5.24,3.9
2024-05-01,,4381.983,20997.7,78.0627,5.33,4.63,5.25,4.0
2024-06-01,,4381.983,21065.6,78.1993,5.33,,5.24,4.1
2024-07-01,,4392.176,21098.1,77.5681,5.33,4.48,5.2,4.2
2024-08-01,,4392.176,21185.3,77.8658,5.33,3.99,5.05,4.2
2024-09-01,,4392.176,21272.2,77.4591,5.13,,4.72,4.1
2024-10-01,,4315.564,21323.6,77.0806,4.83,3.74,4.51,4.1
2024-11-01,,4315.564,21424.5,76.7875,4.64,4.37,4.42,4.2
2024-12-01,,4315.564,21441.8,77.5136,4.48,,4.27,4.1
2025-01-01,,4547.947,21510.9,77.2923,4.33,,4.21,4.0
2025-02-01,,4547.947,21584.2,77.9359,4.33,,4.22,4.1
2025-03-01,,4547.947,21656.9,77.588,4.33,,4.2,4.2
2025-04-01,,4382.819,21805.1,77.5487,4.33,4.17,4.21,4.2
2025-05-01,,,21884.6,77.4743,4.33,4.25,4.25,4.2
2025-06-01,,,22022.1,77.7883,4.33,,4.23,4.1
2025-07-01,,,22115.8,77.3974,4.33,4.26,4.25,4.2
2025-08-01,,,22195.4,77.376,4.33,4.23,4.12,4.3
2025-09-01,,,,,4.22,,3.92,
2025-10-01,,,,,,4.12,,
