DATE,GDP,M2,GOVT_INVEST,FEDFUNDS,DGS10,TB3MS,UNRATE,ΔG_t,ΔA_t,Δr_t,u_t,X_t,F_t,P_t,NIV_t
1934-01-31,,,,,,0.72,,,,,0.05,0.45,0.1,0.02,4.222567821514813e-05
1934-02-28,,,,,,0.62,,,,,0.05,0.45,0.1,0.02,4.222567821514813e-05
1934-03-31,,,,,,0.24,,,,,0.05,0.45,0.1,0.02,4.222567821514813e-05
1934-04-30,,,,,,0.15,,,,,0.05,0.45,0.1,0.02,4.222567821514813e-05
1934-05-31,,,,,,0.16,,,,,0.05,0.45,0.1,0.02,4.222567821514813e-05
1934-06-30,,,,,,0.15,,,,,0.05,0.45,0.1,0.02,4.222567821514813e-05
1934-07-31,,,,,,0.15,,,,,0.05,0.45,0.1,0.02,4.222567821514813e-05
1934-08-31,,,,,,0.19,,,,,0.05,0.45,0.1,0.02,4.222567821514813e-05
1934-09-30,,,,,,0.21,,,,,0.05,0.45,0.1,0.02,4.222567821514813e-05
1934-10-31,,,,,,0.27,,,,,0.05,0.45,0.1,0.02,4.222567821514813e-05
1934-11-30,,,,,,0.25,,,,,0.05,0.45,0.1,0.02,4.222567821514813e-05
1934-12-31,,,,,,0.23,,,,,0.05,0.45,0.1,0.02,4.222567821514813e-05
1935-01-31,,,,,,0.2,,,,,0.05,0.45,0.1,0.02,4.222567821514813e-05
1935-02-28,,,,,,0.19,,,,,0.05,0.45,0.1,0.02,4.222567821514813e-05
1935-03-31,,,,,,0.15,,,,,0.05,0.45,0.1,0.02,4.222567821514813e-05
1935-04-30,,,,,,0.15,,,,,0.05,0.45,0.1,0.02,4.222567821514813e-05
1935-05-31,,,,,,0.15,,,,,0.05,0.45,0.1,0.02,4.222567821514813e-05
1935-06-30,,,,,,0.15,,,,,0.05,0.45,0.1,0.02,4.222567821514813e-05
1935-07-31,,,,,,0.15,,,,,0.05,0.45,0.1,0.02,4.222567821514813e-05
1935-08-31,,,,,,0.16,,,,,0.05,0.45,0.1,0.02,4.222567821514813e-05
1935-09-30,,,,,,0.2,,,,,0.05,0.45,0.1,0.02,4.222567821514813e-05
1935-10-31,,,,,,0.2,,,,,0.05,0.45,0.1,0.02,4.222567821514813e-05
1935-11-30,,,,,,0.16,,,,,0.05,0.45,0.1,0.02,4.222567821514813e-05
1935-12-31,,,,,,0.15,,,,,0.05,0.45,0.1,0.02,4.222567821514813e-05
1936-01-31,,,,,,0.2,,,,,0.05,0.45,0.1,0.02,4.222567821514813e-05
1936-02-29,,,,,,0.2,,,,,0.05,0.45,0.1,0.02,4.222567821514813e-05
1936-03-31,,,,,,0.2,,,,,0.05,0.45,0.1,0.02,4.222567821514813e-05
1936-04-30,,,,,,0.2,,,,,0.05,0.45,0.1,0.02,4.222567821514813e-05
1936-05-31,,,,,,0.2,,,,,0.05,0.45,0.1,0.02,4.222567821514813e-05
1936-06-30,,,,,,0.2,,,,,0.05,0.45,0.1,0.02,4.222567821514813e-05
1936-07-31,,,,,,0.15,,,,,0.05,0.45,0.1,0.02,4.222567821514813e-05
1936-08-31,,,,,,0.2,,,,,0.05,0.45,0.1,0.02,4.222567821514813e-05
1936-09-30,,,,,,0.16,,,,,0.05,0.45,0.1,0.02,4.222567821514813e-05
1936-10-31,,,,,,0.13,,,,,0.05,0.45,0.1,0.02,4.222567821514813e-05
1936-11-30,,,,,,0.11,,,,,0.05,0.45,0.1,0.02,4.222567821514813e-05
1936-12-31,,,,,,0.12,,,,,0.05,0.45,0.1,0.02,4.222567821514813e-05
1937-01-31,,,,,,0.17,,,,,0.05,0.45,0.1,0.02,4.222567821514813e-05
1937-02-28,,,,,,0.15,,,,,0.05,0.45,0.1,0.02,4.222567821514813e-05
1937-03-31,,,,,,0.38,,,,,0.05,0.45,0.1,0.02,4.222567821514813e-05
1937-04-30,,,,,,0.56,,,,,0.05,0.45,0.1,0.02,4.222567821514813e-05
1937-05-31,,,,,,0.41,,,,,0.05,0.45,0.1,0.02,4.222567821514813e-05
1937-06-30,,,,,,0.36,,,,,0.05,0.45,0.1,0.02,4.222567821514813e-05
1937-07-31,,,,,,0.28,,,,,0.05,0.45,0.1,0.02,4.222567821514813e-05
1937-08-31,,,,,,0.29,,,,,0.05,0.45,0.1,0.02,4.222567821514813e-05
1937-09-30,,,,,,0.31,,,,,0.05,0.45,0.1,0.02,4.222567821514813e-05
1937-10-31,,,,,,0.2,,,,,0.05,0.45,0.1,0.02,4.222567821514813e-05
1937-11-30,,,,,,0.09,,,,,0.05,0.45,0.1,0.02,4.222567821514813e-05
1937-12-31,,,,,,0.11,,,,,0.05,0.45,0.1,0.02,4.222567821514813e-05
1938-01-31,,,,,,0.1,,,,,0.05,0.45,0.1,0.02,4.222567821514813e-05
1938-02-28,,,,,,0.08,,,,,0.05,0.45,0.1,0.02,4.222567821514813e-05
1938-03-31,,,,,,0.08,,,,,0.05,0.45,0.1,0.02,4.222567821514813e-05
1938-04-30,,,,,,0.09,,,,,0.05,0.45,0.1,0.02,4.222567821514813e-05
1938-05-31,,,,,,0.05,,,,,0.05,0.45,0.1,0.02,4.222567821514813e-05
1938-06-30,,,,,,0.05,,,,,0.05,0.45,0.1,0.02,4.222567821514813e-05
1938-07-31,,,,,,0.07,,,,,0.05,0.45,0.1,0.02,4.222567821514813e-05
1938-08-31,,,,,,0.06,,,,,0.05,0.45,0.1,0.02,4.222567821514813e-05
1938-09-30,,,,,,0.08,,,,,0.05,0.45,0.1,0.02,4.222567821514813e-05
1938-10-31,,,,,,0.05,,,,,0.05,0.45,0.1,0.02,4.222567821514813e-05
1938-11-30,,,,,,0.04,,,,,0.05,0.45,0.1,0.02,4.222567821514813e-05
1938-12-31,,,,,,0.03,,,,,0.05,0.45,0.1,0.02,4.222567821514813e-05
1939-01-31,,,,,,0.03,,,,,0.05,0.45,0.1,0.02,4.222567821514813e-05
1939-02-28,,,,,,0.03,,,,,0.05,0.45,0.1,0.02,4.222567821514813e-05
1939-03-31,,,,,,0.03,,,,,0.05,0.45,0.1,0.02,4.222567821514813e-05
1939-04-30,,,,,,0.03,,,,,0.05,0.45,0.1,0.02,4.222567821514813e-05
1939-05-31,,,,,,0.03,,,,,0.05,0.45,0.1,0.02,4.222567821514813e-05
1939-06-30,,,,,,0.03,,,,,0.05,0.45,0.1,0.02,4.222567821514813e-05
1939-07-31,,,,,,0.04,,,,,0.05,0.45,0.1,0.02,4.222567821514813e-05
1939-08-31,,,,,,0.05,,,,,0.05,0.45,0.1,0.02,4.222567821514813e-05
1939-09-30,,,,,,0.14,,,,,0.05,0.45,0.1,0.02,4.222567821514813e-05
1939-10-31,,,,,,0.05,,,,,0.05,0.45,0.1,0.02,4.222567821514813e-05
1939-11-30,,,,,,0.05,,,,,0.05,0.45,0.1,0.02,4.222567821514813e-05
1939-12-31,,,,,,0.04,,,,,0.05,0.45,0.1,0.02,4.222567821514813e-05
1940-01-31,,,,,,0.01,,,,,0.05,0.45,0.1,0.02,4.222567821514813e-05
1940-02-29,,,,,,0.02,,,,,0.05,0.45,0.1,0.02,4.222567821514813e-05
1940-03-31,,,,,,0.02,,,,,0.05,0.45,0.1,0.02,4.222567821514813e-05
1940-04-30,,,,,,0.02,,,,,0.05,0.45,0.1,0.02,4.222567821514813e-05
1940-05-31,,,,,,0.06,,,,,0.05,0.45,0.1,0.02,4.222567821514813e-05
1940-06-30,,,,,,0.1,,,,,0.05,0.45,0.1,0.02,4.222567821514813e-05
1940-07-31,,,,,,0.05,,,,,0.05,0.45,0.1,0.02,4.222567821514813e-05
1940-08-31,,,,,,0.04,,,,,0.05,0.45,0.1,0.02,4.222567821514813e-05
1940-09-30,,,,,,0.05,,,,,0.05,0.45,0.1,0.02,4.222567821514813e-05
1940-10-31,,,,,,0.02,,,,,0.05,0.45,0.1,0.02,4.222567821514813e-05
1940-11-30,,,,,,0.02,,,,,0.05,0.45,0.1,0.02,4.222567821514813e-05
1940-12-31,,,,,,0.02,,,,,0.05,0.45,0.1,0.02,4.222567821514813e-05
1941-01-31,,,,,,0.02,,,,,0.05,0.45,0.1,0.02,4.222567821514813e-05
1941-02-28,,,,,,0.04,,,,,0.05,0.45,0.1,0.02,4.222567821514813e-05
1941-03-31,,,,,,0.11,,,,,0.05,0.45,0.1,0.02,4.222567821514813e-05
1941-04-30,,,,,,0.1,,,,,0.05,0.45,0.1,0.02,4.222567821514813e-05
1941-05-31,,,,,,0.11,,,,,0.05,0.45,0.1,0.02,4.222567821514813e-05
1941-06-30,,,,,,0.12,,,,,0.05,0.45,0.1,0.02,4.222567821514813e-05
1941-07-31,,,,,,0.12,,,,,0.05,0.45,0.1,0.02,4.222567821514813e-05
1941-08-31,,,,,,0.13,,,,,0.05,0.45,0.1,0.02,4.222567821514813e-05
1941-09-30,,,,,,0.1,,,,,0.05,0.45,0.1,0.02,4.222567821514813e-05
1941-10-31,,,,,,0.09,,,,,0.05,0.45,0.1,0.02,4.222567821514813e-05
1941-11-30,,,,,,0.28,,,,,0.05,0.45,0.1,0.02,4.222567821514813e-05
1941-12-31,,,,,,0.33,,,,,0.05,0.45,0.1,0.02,4.222567821514813e-05
1942-01-31,,,,,,0.27,,,,,0.05,0.45,0.1,0.02,4.222567821514813e-05
1942-02-28,,,,,,0.25,,,,,0.05,0.45,0.1,0.02,4.222567821514813e-05
1942-03-31,,,,,,0.25,,,,,0.05,0.45,0.1,0.02,4.222567821514813e-05
1942-04-30,,,,,,0.32,,,,,0.05,0.45,0.1,0.02,4.222567821514813e-05
1942-05-31,,,,,,0.37,,,,,0.05,0.45,0.1,0.02,4.222567821514813e-05
1942-06-30,,,,,,0.37,,,,,0.05,0.45,0.1,0.02,4.222567821514813e-05
1942-07-31,,,,,,0.38,,,,,0.05,0.45,0.1,0.02,4.222567821514813e-05
1942-08-31,,,,,,0.38,,,,,0.05,0.45,0.1,0.02,4.222567821514813e-05
1942-09-30,,,,,,0.38,,,,,0.05,0.45,0.1,0.02,4.222567821514813e-05
1942-10-31,,,,,,0.38,,,,,0.05,0.45,0.1,0.02,4.222567821514813e-05
1942-11-30,,,,,,0.38,,,,,0.05,0.45,0.1,0.02,4.222567821514813e-05
1942-12-31,,,,,,0.38,,,,,0.05,0.45,0.1,0.02,4.222567821514813e-05
1943-01-31,,,,,,0.38,,,,,0.05,0.45,0.1,0.02,4.222567821514813e-05
1943-02-28,,,,,,0.38,,,,,0.05,0.45,0.1,0.02,4.222567821514813e-05
1943-03-31,,,,,,0.38,,,,,0.05,0.45,0.1,0.02,4.222567821514813e-05
1943-04-30,,,,,,0.38,,,,,0.05,0.45,0.1,0.02,4.222567821514813e-05
1943-05-31,,,,,,0.38,,,,,0.05,0.45,0.1,0.02,4.222567821514813e-05
1943-06-30,,,,,,0.38,,,,,0.05,0.45,0.1,0.02,4.222567821514813e-05
1943-07-31,,,,,,0.38,,,,,0.05,0.45,0.1,0.02,4.222567821514813e-05
1943-08-31,,,,,,0.38,,,,,0.05,0.45,0.1,0.02,4.222567821514813e-05
1943-09-30,,,,,,0.38,,,,,0.05,0.45,0.1,0.02,4.222567821514813e-05
1943-10-31,,,,,,0.38,,,,,0.05,0.45,0.1,0.02,4.222567821514813e-05
1943-11-30,,,,,,0.38,,,,,0.05,0.45,0.1,0.02,4.222567821514813e-05
1943-12-31,,,,,,0.38,,,,,0.05,0.45,0.1,0.02,4.222567821514813e-05
1944-01-31,,,,,,0.38,,,,,0.05,0.45,0.1,0.02,4.222567821514813e-05
1944-02-29,,,,,,0.38,,,,,0.05,0.45,0.1,0.02,4.222567821514813e-05
1944-03-31,,,,,,0.38,,,,,0.05,0.45,0.1,0.02,4.222567821514813e-05
1944-04-30,,,,,,0.38,,,,,0.05,0.45,0.1,0.02,4.222567821514813e-05
1944-05-31,,,,,,0.38,,,,,0.05,0.45,0.1,0.02,4.222567821514813e-05
1944-06-30,,,,,,0.38,,,,,0.05,0.45,0.1,0.02,4.222567821514813e-05
1944-07-31,,,,,,0.38,,,,,0.05,0.45,0.1,0.02,4.222567821514813e-05
1944-08-31,,,,,,0.38,,,,,0.05,0.45,0.1,0.02,4.222567821514813e-05
1944-09-30,,,,,,0.38,,,,,0.05,0.45,0.1,0.02,4.222567821514813e-05
1944-10-31,,,,,,0.38,,,,,0.05,0.45,0.1,0.02,4.222567821514813e-05
1944-11-30,,,,,,0.38,,,,,0.05,0.45,0.1,0.02,4.222567821514813e-05
1944-12-31,,,,,,0.38,,,,,0.05,0.45,0.1,0.02,4.222567821514813e-05
1945-01-31,,,,,,0.38,,,,,0.05,0.45,0.1,0.02,4.222567821514813e-05
1945-02-28,,,,,,0.38,,,,,0.05,0.45,0.1,0.02,4.222567821514813e-05
1945-03-31,,,,,,0.38,,,,,0.05,0.45,0.1,0.02,4.222567821514813e-05
1945-04-30,,,,,,0.38,,,,,0.05,0.45,0.1,0.02,4.222567821514813e-05
1945-05-31,,,,,,0.38,,,,,0.05,0.45,0.1,0.02,4.222567821514813e-05
1945-06-30,,,,,,0.38,,,,,0.05,0.45,0.1,0.02,4.222567821514813e-05
1945-07-31,,,,,,0.38,,,,,0.05,0.45,0.1,0.02,4.222567821514813e-05
1945-08-31,,,,,,0.38,,,,,0.05,0.45,0.1,0.02,4.222567821514813e-05
1945-09-30,,,,,,0.38,,,,,0.05,0.45,0.1,0.02,4.222567821514813e-05
1945-10-31,,,,,,0.38,,,,,0.05,0.45,0.1,0.02,4.222567821514813e-05
1945-11-30,,,,,,0.38,,,,,0.05,0.45,0.1,0.02,4.222567821514813e-05
1945-12-31,,,,,,0.38,,,,,0.05,0.45,0.1,0.02,4.222567821514813e-05
1946-01-31,,,,,,0.38,,,,,0.05,0.45,0.1,0.02,4.222567821514813e-05
1946-02-28,,,,,,0.38,,,,,0.05,0.45,0.1,0.02,4.222567821514813e-05
1946-03-31,,,,,,0.38,,,,,0.05,0.45,0.1,0.02,4.222567821514813e-05
1946-04-30,,,,,,0.38,,,,,0.05,0.45,0.1,0.02,4.222567821514813e-05
1946-05-31,,,,,,0.38,,,,,0.05,0.45,0.1,0.02,4.222567821514813e-05
1946-06-30,,,,,,0.38,,,,,0.05,0.45,0.1,0.02,4.222567821514813e-05
1946-07-31,,,,,,0.38,,,,,0.05,0.45,0.1,0.02,4.222567821514813e-05
1946-08-31,,,,,,0.38,,,,,0.05,0.45,0.1,0.02,4.222567821514813e-05
1946-09-30,,,,,,0.38,,,,,0.05,0.45,0.1,0.02,4.222567821514813e-05
1946-10-31,,,,,,0.38,,,,,0.05,0.45,0.1,0.02,4.222567821514813e-05
1946-11-30,,,,,,0.38,,,,,0.05,0.45,0.1,0.02,4.222567821514813e-05
1946-12-31,,,,,,0.38,,,,,0.05,0.45,0.1,0.02,4.222567821514813e-05
1947-01-31,243.164,,227.242,,,0.38,,,,,0.05,0.45,0.1,0.9345215574673884,0.09219243603851124
1947-02-28,,,,,,0.38,,0.0,0.0,,0.05,0.45,0.1,0.02,4.222567821514813e-05
1947-03-31,,,,,,0.38,,0.0,0.0,,0.05,0.45,0.1,0.02,4.222567821514813e-05
1947-04-30,245.968,,209.836,,,0.38,,1.1531312200819157,-7.659675588139503,,0.05,0.45,0.1,0.853102842646198,0.07682798105869476
1947-05-31,,,,,,0.38,,0.0,0.0,,0.05,0.45,0.1,0.02,4.222567821514813e-05
1947-06-30,,,,,,0.38,,0.0,0.0,,0.05,0.45,0.1,0.02,4.222567821514813e-05
1947-07-31,249.585,,203.662,,,0.66,,1.4705164899499137,-2.942297794468063,,0.05,0.45,0.1,0.8160025642566661,0.07029099475686383
1947-08-31,,,,,,0.75,,0.0,0.0,,0.05,0.45,0.1,0.02,4.222567821514813e-05
1947-09-30,,,,,,0.8,,0.0,0.0,,0.05,0.45,0.1,0.02,4.222567821514813e-05
1947-10-31,259.745,,243.072,,,0.85,,4.070757457379237,19.35068888648839,,0.05,0.45,0.1,0.9358101214652832,0.09244685019037818
1947-11-30,,,,,,0.92,,0.0,0.0,,0.05,0.45,0.1,0.02,4.222567821514813e-05
1947-12-31,,,,,,0.95,,0.0,0.0,,0.05,0.45,0.1,0.02,4.222567821514813e-05
1948-01-31,265.742,,268.012,,,0.97,3.4,2.3088028643477365,10.26033438651921,,0.05,0.3399999999999999,0.1,1.008542119800408,0.14191955460371053
1948-02-29,,,,,,1.0,3.8,0.0,0.0,,0.05,0.38,0.1,0.02,5.005857112780739e-05
1948-03-31,,,,,,1.0,4.0,0.0,0.0,,0.05,0.4,0.1,0.02,4.756828460010885e-05
1948-04-30,272.567,,284.598,,,1.0,3.9,2.568280512677701,6.188528871841559,,0.05,0.39,0.1,1.044139606041817,0.13296644070292293
1948-05-31,,,,,,1.0,3.5,0.0,0.0,,0.05,0.35,0.1,0.02,5.426431854051418e-05
1948-06-30,,,,,,1.0,3.6,0.0,0.0,,0.05,0.36,0.1,0.02,5.2793773648124446e-05
1948-07-31,279.196,,287.514,,,1.0,3.6,2.432062575440175,1.024603124407064,,0.05,0.36,0.1,1.029792690439691,0.13996592686245604
1948-08-31,,,,,,1.06,3.9,0.0,0.0,,0.05,0.39,0.1,0.02,4.878484119732219e-05
1948-09-30,,,,,,1.09,3.8,0.0,0.0,,0.05,0.38,0.1,0.02,5.005857112780739e-05
1948-10-31,280.366,,273.765,,,1.12,3.7,0.4190604449920254,-4.782028005592776,,0.05,0.37,0.1,0.9764557756646668,0.12250472481484136
1948-11-30,,,,,,1.14,3.8,0.0,0.0,,0.05,0.38,0.1,0.02,5.005857112780739e-05
1948-12-31,,,,,,1.16,4.0,0.0,0.0,,0.05,0.4,0.1,0.02,4.756828460010885e-05
1949-01-31,275.034,,232.885,,,1.17,4.3,-1.901799790274139,-14.932515113327128,,0.05,0.43,0.1,0.8467498563813929,0.07927485030967688
1949-02-28,,,,,,1.17,4.7,0.0,0.0,,0.05,0.47,0.1,0.02,4.038186997492372e-05
1949-03-31,,,,,,1.17,5.0,0.0,0.0,,0.05,0.5,0.1,0.02,3.787397888224998e-05
1949-04-30,271.351,,201.926,,,1.17,5.3,-1.3391071649323294,-13.29368572471392,,0.05,0.53,0.1,0.7441505651351938,0.04933054906657983
1949-05-31,,,,,,1.17,6.1,0.0,0.0,,0.05,0.61,0.1,0.02,3.068718558309301e-05
1949-06-30,,,,,,1.17,6.2,0.0,0.0,,0.05,0.62,0.1,0.02,3.0155350112621788e-05
1949-07-31,272.889,,218.667,,,1.02,6.7,0.5667935625813136,8.290660935194083,,0.05,0.67,0.1,0.8013038268306893,0.04450932740133284
1949-08-31,,,,,,1.04,6.8,0.0,0.0,,0.05,0.6799999999999999,0.1,0.02,2.7284232539375547e-05
1949-09-30,,,,,,1.07,6.6,0.0,0.0,,0.05,0.6599999999999999,0.1,0.02,2.81846733137199e-05
1949-10-31,270.627,,207.912,,,1.05,7.9,-0.8289084572848271,-4.918437624332883,,0.05,0.79,0.1,0.768260373133501,0.03413888728745769
1949-11-30,,,,,,1.08,6.4,0.0,0.0,,0.05,0.64,0.1,0.02,2.9140053581714815e-05
1949-12-31,,,,,,1.1,6.6,0.0,0.0,,0.05,0.6599999999999999,0.1,0.02,2.81846733137199e-05
1950-01-31,280.828,,257.271,,,1.07,6.5,3.769394775835355,23.740332448343526,,0.05,0.65,0.1,0.9161159143675134,0.060123503572160515
1950-02-28,,,,,,1.12,6.4,0.0,0.0,,0.05,0.64,0.1,0.02,2.9140053581714815e-05
1950-03-31,,,,,,1.12,6.3,0.0,0.0,,0.05,0.63,0.1,0.02,2.963987860001726e-05
1950-04-30,290.383,,284.803,,,1.15,5.8,3.402438503283145,10.701555946842037,,0.05,0.58,0.1,0.9807839990633062,0.07788980335193131
1950-05-31,,,,,,1.16,5.5,0.0,0.0,,0.05,0.55,0.1,0.02,3.4267963832467135e-05
1950-06-30,,,,,,1.15,5.4,0.0,0.0,,0.05,0.54,0.1,0.02,3.493856214843422e-05
1950-07-31,308.153,,309.285,,,1.16,5.0,6.119504240950757,8.596117316179974,,0.05,0.5,0.1,1.003673499852346,0.09538187522038234
1950-08-31,,,,,,1.2,4.5,0.0,0.0,,0.05,0.45,0.1,0.02,4.222567821514813e-05
1950-09-30,,,,,,1.3,4.4,0.0,0.0,,0.05,0.44,0.1,0.02,4.320537668618004e-05
1950-10-31,319.945,,348.585,,,1.31,4.2,3.826670517567554,12.70672680537366,,0.05,0.42,0.1,1.089515385456875,0.13441030287456
1950-11-30,,,,,,1.36,4.2,0.0,0.0,,0.05,0.42,0.1,0.02,4.529245026633916e-05
1950-12-31,,,,,,1.34,4.3,0.0,0.0,,0.05,0.43,0.1,0.02,4.422676346515654e-05
1951-01-31,336.0,,312.966,,,1.34,3.7,5.018049977339856,-10.218167735272598,,0.05,0.37,0.1,0.9314464285714286,0.1114713974336184
1951-02-28,,,,,,1.36,3.4,0.0,0.0,,0.05,0.3399999999999999,0.1,0.02,5.581027340498236e-05
1951-03-31,,,,,,1.4,3.4,0.0,0.0,,0.05,0.3399999999999999,0.1,0.02,5.581027340498236e-05
1951-04-30,344.09,,320.221,,,1.47,3.1,2.407738095238088,2.318143184882704,,0.05,0.31,0.1,0.9306315208230406,0.13199141957494978
1951-05-31,,,,,,1.55,3.0,0.0,0.0,,0.05,0.3,0.1,0.02,6.287167148414677e-05
1951-06-30,,,,,,1.45,3.2,0.0,0.0,,0.05,0.32,0.1,0.02,5.915185691093015e-05
1951-07-31,351.385,,296.643,,,1.56,3.1,2.1200848615188006,-7.36303990056868,,0.05,0.31,0.1,0.8442107659689514,0.10861553757222442
1951-08-31,,,,,,1.62,3.1,0.0,0.0,,0.05,0.31,0.1,0.02,6.096073221204629e-05
1951-09-30,,,,,,1.63,3.3,0.0,0.0,,0.05,0.3299999999999999,0.1,0.02,5.7437354183962635e-05
1951-10-31,356.178,,273.007,,,1.54,3.5,1.3640309062709075,-7.967826646844855,,0.05,0.35,0.1,0.7664903503304528,0.07970172949924703
1951-11-30,,,,,,1.56,3.5,0.0,0.0,,0.05,0.35,0.1,0.02,5.426431854051418e-05
1951-12-31,,,,,,1.73,3.1,0.0,0.0,,0.05,0.31,0.1,0.02,6.096073221204629e-05
1952-01-31,359.82,,280.13,,,1.57,3.2,1.0225224466418492,2.60909060939829,,0.05,0.32,0.1,0.7785281529653716,0.08963075102594661
1952-02-29,,,,,,1.54,3.1,0.0,0.0,,0.05,0.31,0.1,0.02,6.096073221204629e-05
1952-03-31,,,,,,1.59,2.9,0.0,0.0,,0.05,0.29,0.1,0.02,6.489320692642831e-05
1952-04-30,361.03,,259.01,,,1.57,2.9,0.3362792507364709,-7.539356727233781,,0.05,0.29,0.1,0.7174196050189735,0.0834998560155399
1952-05-31,,,,,,1.67,3.0,0.0,0.0,,0.05,0.3,0.1,0.02,6.287167148414677e-05
1952-06-30,,,,,,1.7,3.0,0.0,0.0,,0.05,0.3,0.1,0.02,6.287167148414677e-05
1952-07-31,367.701,,272.895,,,1.81,3.2,1.847768883472312,5.360796880429319,,0.05,0.32,0.1,0.7421655094764495,0.08145353303723916
1952-08-31,,,,,,1.83,3.4,0.0,0.0,,0.05,0.3399999999999999,0.1,0.02,5.581027340498236e-05
1952-09-30,,,,,,1.71,3.1,0.0,0.0,,0.05,0.31,0.1,0.02,6.096073221204629e-05
1952-10-31,380.812,,292.552,,,1.74,3.0,3.565668845067038,7.203136737573068,,0.05,0.3,0.1,0.7682320935264645,0.09276409406502392
1952-11-30,,,,,,1.85,2.8,0.0,0.0,,0.05,0.2799999999999999,0.1,0.02,6.703482807740605e-05
1952-12-31,,,,,,2.09,2.7,0.0,0.0,,0.05,0.27,0.1,0.02,6.930711810187156e-05
1953-01-31,387.98,,298.847,,,1.96,2.9,1.8822936252008928,2.1517542180535365,,0.05,0.29,0.1,0.7702639311304705,0.0962539075170284
1953-02-28,,,,,,1.97,2.6,0.0,0.0,,0.05,0.26,0.1,0.02,7.172191381865588e-05
1953-03-31,,,,,,2.01,2.6,0.0,0.0,,0.05,0.26,0.1,0.02,7.172191381865588e-05
1953-04-30,391.749,,300.547,,,2.19,2.7,0.9714418268983004,0.5688529582027035,,0.05,0.27,0.1,0.7671927688392313,0.10198278101031202
1953-05-31,,,,,,2.16,2.5,0.0,0.0,,0.05,0.25,0.1,0.02,7.429249440392793e-05
1953-06-30,,,,,,2.11,2.5,0.0,0.0,,0.05,0.25,0.1,0.02,7.429249440392793e-05
1953-07-31,391.171,,294.261,,,2.04,2.6,-0.1475434525678554,-2.0915197955727383,,0.05,0.26,0.1,0.752256685695003,0.10146680625396622
1953-08-31,,,,,,2.04,2.7,0.0,0.0,,0.05,0.27,0.1,0.02,6.930711810187156e-05
1953-09-30,,,,,,1.79,2.9,0.0,0.0,,0.05,0.29,0.1,0.02,6.489320692642831e-05
1953-10-31,385.97,,272.998,,,1.38,3.1,-1.3295975417400463,-7.225898097267402,,0.05,0.31,0.1,0.7073036764515376,0.07624335776085518
1953-11-30,,,,,,1.44,3.5,0.0,0.0,,0.05,0.35,0.1,0.02,5.426431854051418e-05
1953-12-31,,,,,,1.6,4.5,0.0,0.0,,0.05,0.45,0.1,0.02,4.222567821514813e-05
1954-01-31,385.345,,271.041,,,1.18,4.9,-0.1619296836541717,-0.7168550685352937,,0.05,0.49,0.1,0.7033723027416989,0.04783827546807733
1954-02-28,,,,,,0.97,5.2,0.0,0.0,,0.05,0.52,0.1,0.02,3.635301065905008e-05
1954-03-31,,,,,,1.03,5.7,0.0,0.0,,0.05,0.5700000000000001,0.1,0.02,3.2994115645712336e-05
1954-04-30,386.121,,270.402,,,0.97,5.9,0.2013779859606268,-0.2357576897960123,,0.05,0.5900000000000001,0.1,0.7003037907806102,0.038992546194994676
1954-05-31,,,,,,0.76,5.9,0.0,0.0,,0.05,0.5900000000000001,0.1,0.02,3.1803039764379906e-05
1954-06-30,,,,,,0.64,5.6,0.0,0.0,,0.05,0.5599999999999999,0.1,0.02,3.3620183247170205e-05
1954-07-31,390.996,,283.451,0.8,,0.72,5.8,1.262557592050162,4.825777915843821,,0.05,0.58,0.1,0.7249460352535577,0.04255447348949893
1954-08-31,,,,1.22,,0.92,6.0,0.0,0.0,0.4199999999999999,0.0,0.6,0.1,0.02,0.0
1954-09-30,,,,1.07,,1.01,6.1,0.0,0.0,-0.1499999999999999,0.0749999999999999,0.61,0.1,0.02,4.603077837463945e-05
1954-10-31,399.734,,295.882,0.85,,0.98,5.7,2.2348054711557097,4.385590454787591,-0.22,6.730395925943301,0.5700000000000001,0.1,0.7401972311587206,6.083339048090443
1954-11-30,,,,0.83,,0.93,5.3,0.0,0.0,-0.02,0.01,0.53,0.1,0.02,7.1266315229279105e-06
1954-12-31,,,,1.28,,1.15,5.0,0.0,0.0,0.45,0.0,0.5,0.1,0.02,0.0
1955-01-31,413.073,,325.442,1.39,,1.22,4.9,3.336969084441144,9.990469173521888,0.1099999999999998,13.272438257963032,0.49,0.1,0.7878558995625471,15.932329589124382
1955-02-28,,,,1.29,,1.17,4.7,0.0,0.0,-0.0999999999999998,0.0499999999999999,0.47,0.1,0.02,4.0381869974923635e-05
1955-03-31,,,,1.35,,1.28,4.6,0.0,0.0,0.06,0.0,0.4599999999999999,0.1,0.02,0.0
1955-04-30,421.532,,345.235,1.43,,1.59,4.7,2.047822055665716,6.081882485972923,0.0799999999999998,8.089704541638639,0.47,0.1,0.8190006927113482,10.95614140572547
1955-05-31,,,,1.43,,1.45,4.3,0.0,0.0,0.0,0.0,0.43,0.1,0.02,0.0
1955-06-30,,,,1.64,,1.41,4.2,0.0,0.0,0.2099999999999999,0.0,0.42,0.1,0.02,0.0
1955-07-31,430.221,,350.533,1.68,,1.6,4.0,2.061290720514708,1.53460686199256,0.04,3.575897582507268,0.4,0.1,0.8147742671789615,5.646081916982984
1955-08-31,,,,1.96,,1.9,4.2,0.0,0.0,0.28,0.0,0.42,0.1,0.02,0.0
1955-09-30,,,,2.18,,2.07,4.1,0.0,0.0,0.2200000000000002,0.0,0.41,0.1,0.02,0.0
1955-10-31,437.092,,358.661,2.24,,2.23,4.3,1.5970861487468069,2.318754582307503,0.06,3.8858407310543095,0.43,0.1,0.8205618039222864,5.785791161717075
1955-11-30,,,,2.35,,2.24,4.2,0.0,0.0,0.1099999999999998,0.0,0.42,0.1,0.02,0.0
1955-12-31,,,,2.48,,2.54,4.2,0.0,0.0,0.1299999999999999,0.0,0.42,0.1,0.02,0.0
1956-01-31,439.746,,348.42,2.45,,2.41,4.0,0.6071948239729785,-2.855342510058245,-0.0299999999999998,0.0,0.4,0.1,0.7923210216806975,0.0
1956-02-29,,,,2.5,,2.32,3.9,0.0,0.0,0.0499999999999998,0.0,0.39,0.1,0.02,0.0
1956-03-31,,,,2.5,,2.25,4.2,0.0,0.0,0.0,0.0,0.42,0.1,0.02,0.0
1956-04-30,446.01,,345.678,2.62,,2.6,4.0,1.4244586647746749,-0.786981229550543,0.1200000000000001,0.5774774352241319,0.4,0.1,0.7750454025694491,0.8250434151375103
1956-05-31,,,,2.75,,2.61,4.3,0.0,0.0,0.1299999999999999,0.0,0.43,0.1,0.02,0.0
1956-06-30,,,,2.71,,2.49,4.3,0.0,0.0,-0.04,0.02,0.43,0.1,0.02,1.769070538606262e-05
1956-07-31,451.191,,342.583,2.75,,2.31,4.4,1.1616331472388497,-0.8953419077870062,0.04,0.2462912394518435,0.44,0.1,0.7592859786653546,0.3067379598209174
1956-08-31,,,,2.73,,2.6,4.1,0.0,0.0,-0.02,0.01,0.41,0.1,0.02,9.281053394547931e-06
1956-09-30,,,,2.95,,2.84,3.9,0.0,0.0,0.2200000000000002,0.0,0.39,0.1,0.02,0.0
1956-10-31,460.463,,339.406,2.96,,2.9,3.9,2.0550055298088843,-0.9273665068027404,0.0099999999999997,1.122639023006144,0.39,0.1,0.7370972260529076,1.4878001146036002
1956-11-30,,,,2.88,,2.99,4.3,0.0,0.0,-0.08,0.04,0.43,0.1,0.02,3.538141077212524e-05
1956-12-31,,,,2.94,,3.21,4.2,0.0,0.0,0.06,0.0,0.42,0.1,0.02,0.0
1957-01-31,469.779,,334.137,2.84,,3.11,4.2,2.0231810156299046,-1.5524180480015135,-0.1,0.5207629676283909,0.42,0.1,0.7112642327562535,0.5966200629012332
1957-02-28,,,,3.0,,3.1,3.9,0.0,0.0,0.1600000000000001,0.0,0.39,0.1,0.02,0.0
1957-03-31,,,,2.96,,3.08,3.7,0.0,0.0,-0.04,0.02,0.37,0.1,0.02,2.055737530196416e-05
1957-04-30,472.025,,333.798,3.0,,3.07,3.9,0.4780971478077989,-0.1014553910521742,0.04,0.3566417567556246,0.39,0.1,0.7071616969440179,0.43503535078122174
1957-05-31,,,,3.0,,3.06,4.1,0.0,0.0,0.0,0.0,0.41,0.1,0.02,0.0
1957-06-30,,,,3.0,,3.29,4.3,0.0,0.0,0.0,0.0,0.43,0.1,0.02,0.0
1957-07-31,479.49,,341.451,2.99,,3.16,4.2,1.5814840315661272,2.2927039706649,-0.0099999999999997,3.879188002231027,0.42,0.1,0.7121128699242946,4.4548626427724
1957-08-31,,,,3.24,,3.37,4.1,0.0,0.0,0.25,0.0,0.41,0.1,0.02,0.0
1957-09-30,,,,3.47,,3.53,4.4,0.0,0.0,0.2299999999999999,0.0,0.44,0.1,0.02,0.0
1957-10-31,474.864,,315.195,3.5,,3.58,4.5,-0.9647750735156224,-7.689536712441914,0.0299999999999998,0.0,0.45,0.1,0.6637584655817245,0.0
1957-11-30,,,,3.28,,3.31,5.1,0.0,0.0,-0.2200000000000002,0.1100000000000001,0.51,0.1,0.02,8.161883334912287e-05
1957-12-31,,,,2.98,,3.04,5.2,0.0,0.0,-0.2999999999999998,0.1499999999999999,0.52,0.1,0.02,0.00010905903197715018
1958-01-31,467.54,,293.932,2.72,,2.44,5.8,-1.5423363320866468,-6.745982645663784,-0.2599999999999998,0.0,0.58,0.1,0.6286777601916413,0.0
1958-02-28,,,,1.67,,1.53,6.4,0.0,0.0,-1.0500000000000005,0.5250000000000001,0.64,0.1,0.02,0.0003059705626080056
1958-03-31,,,,1.2,,1.3,6.7,0.0,0.0,-0.47,0.235,0.67,0.1,0.02,0.0001303210130000923
1958-04-30,471.978,,288.01,1.26,,1.13,7.4,0.9492235958420636,-2.014751711280172,0.06,0.0,0.74,0.1,0.6102191203827296,0.0
1958-05-31,,,,0.63,,0.91,7.4,0.0,0.0,-0.63,0.315,0.74,0.1,0.02,0.00015668284096080574
1958-06-30,,,,0.93,,0.83,7.3,0.0,0.0,0.3,0.0,0.73,0.1,0.02,0.0
1958-07-31,485.841,,310.114,0.68,,0.91,7.5,2.9372131751903785,7.674733516197341,-0.25,10.736946691387718,0.75,0.1,0.6383034778867983,5.359960154748313
1958-08-31,,,,1.53,,1.69,7.4,0.0,0.0,0.85,0.0,0.74,0.1,0.02,0.0
1958-09-30,,,,1.76,,2.44,7.1,0.0,0.0,0.2299999999999999,0.0,0.71,0.1,0.02,0.0
1958-10-31,499.555,,336.555,1.8,,2.63,6.7,2.8227341866989386,8.526219390288748,0.04,11.328953576987686,0.67,0.1,0.6737096015453754,7.128889194002612
1958-11-30,,,,2.27,,2.67,6.2,0.0,0.0,0.47,0.0,0.62,0.1,0.02,0.0
1958-12-31,,,,2.42,,2.77,6.2,0.0,0.0,0.1499999999999999,0.0,0.62,0.1,0.02,0.0
1959-01-31,510.33,286.6,354.894,2.48,,2.82,6.0,2.156919658496048,5.449035075990549,0.06,7.575954734486597,0.6,0.1,0.6954206101934043,5.722159202005927
1959-02-28,,287.7,,2.43,,2.7,5.9,0.0,0.0,-0.0499999999999998,0.0249999999999999,0.5900000000000001,0.1,0.02,1.590151988218989e-05
1959-03-31,,289.2,,2.8,,2.8,5.6,0.0,0.0,0.3699999999999996,0.0,0.5599999999999999,0.1,0.02,0.0
1959-04-30,522.653,290.1,382.5,2.96,,2.95,5.2,2.414712049066292,7.778660670510074,0.1600000000000001,10.113372719576368,0.52,0.1,0.7318431157957573,9.845604476647933
1959-05-31,,292.2,,2.9,,2.84,5.1,0.0,0.0,-0.06,0.03,0.51,0.1,0.02,2.2259681822488038e-05
1959-06-30,,294.1,,3.39,,3.21,5.0,0.0,0.0,0.4900000000000002,0.0,0.5,0.1,0.02,0.0
1959-07-31,525.034,295.2,357.798,3.47,,3.2,5.1,0.4555603813620079,-6.458039215686274,0.08,0.0,0.51,0.1,0.6814758663248476,0.0
1959-08-31,,296.4,,3.5,,3.38,5.2,0.0,0.0,0.0299999999999998,0.0,0.52,0.1,0.02,0.0
1959-09-30,,296.7,,3.76,,4.04,5.5,0.0,0.0,0.2599999999999998,0.0,0.55,0.1,0.02,0.0
1959-10-31,528.6,296.5,369.442,3.98,,4.05,5.7,0.6791941093338805,3.2543502199565038,0.2200000000000002,3.823544329290384,0.5700000000000001,0.1,0.6989065455921302,3.0811358135072267
1959-11-30,,297.1,,4.0,,4.15,5.8,0.0,0.0,0.02,0.0,0.58,0.1,0.02,0.0
1959-12-31,,297.8,,3.99,,4.49,5.3,0.0,0.0,-0.0099999999999997,0.0049999999999998,0.53,0.1,0.02,3.563315761463812e-06
1960-01-31,542.648,298.2,406.581,3.99,,4.35,5.2,2.6575860764282977,10.052728168426972,0.0,12.710314244855269,0.52,0.1,0.7492536598310507,12.969535496740894
1960-02-29,,298.4,,3.97,,3.96,4.8,0.0,0.0,-0.02,0.01,0.48,0.1,0.02,7.902690968704011e-06
1960-03-31,,299.3,,3.84,,3.31,5.4,0.0,0.0,-0.1300000000000003,0.0650000000000001,0.54,0.1,0.02,4.542013079296455e-05
1960-04-30,541.08,300.1,368.686,3.92,,3.23,5.2,-0.2889534283734507,-9.320406019956671,0.08,0.0,0.52,0.1,0.6813890737044429,0.0
1960-05-31,,300.9,,3.85,,3.29,5.1,0.0,0.0,-0.0699999999999998,0.0349999999999999,0.51,0.1,0.02,2.5969628792902635e-05
1960-06-30,,302.3,,3.32,,2.46,5.4,0.0,0.0,-0.5300000000000002,0.2650000000000001,0.54,0.1,0.02,0.00018517437938670142
1960-07-31,545.604,304.1,367.749,3.23,,2.3,5.5,0.836105566644485,-0.2541458042887301,-0.0899999999999998,0.6269597623557548,0.55,0.1,0.674021818021862,0.4880292846274394
1960-08-31,,306.9,,2.98,,2.3,5.6,0.0,0.0,-0.25,0.125,0.5599999999999999,0.1,0.02,8.40504581179255e-05
1960-09-30,,308.4,,2.6,,2.48,5.5,0.0,0.0,-0.3799999999999999,0.1899999999999999,0.55,0.1,0.02,0.00013021826256337505
1960-10-31,540.197,309.5,327.01,2.47,,2.3,6.1,-0.9910117961012044,-11.077936309820023,-0.1299999999999999,0.0,0.61,0.1,0.6053532322467544,0.0
1960-11-30,,310.9,,2.44,,2.37,6.1,0.0,0.0,-0.0300000000000002,0.0150000000000001,0.61,0.1,0.02,9.206155674927962e-06
1960-12-31,,312.4,,1.98,,2.25,6.6,0.0,0.0,-0.4599999999999999,0.2299999999999999,0.6599999999999999,0.1,0.02,0.00012964949724311148
1961-01-31,545.018,314.1,335.496,1.45,,2.24,6.6,0.8924521979944311,2.5950276749946437,-0.53,3.7524798729890745,0.6599999999999999,0.1,0.6155686601176474,2.0038000492141625
1961-02-28,,316.5,,2.54,,2.42,6.9,0.0,0.0,1.09,0.0,0.6900000000000001,0.1,0.02,0.0
1961-03-31,,318.3,,2.02,,2.39,6.9,0.0,0.0,-0.52,0.26,0.6900000000000001,0.1,0.02,0.00013963666736442116
1961-04-30,555.545,319.9,359.004,1.49,,2.29,7.0,1.931495840504338,7.006938979898436,-0.53,9.203434820402776,0.7,0.1,0.6462194781700853,5.07981090127808
1961-05-31,,322.2,,1.98,,2.29,7.1,0.0,0.0,0.49,0.0,0.71,0.1,0.02,0.0
1961-06-30,,324.3,,1.73,,2.33,6.9,0.0,0.0,-0.25,0.125,0.6900000000000001,0.1,0.02,6.713301315597171e-05
1961-07-31,567.664,325.6,386.914,1.17,,2.24,7.0,2.1814614477675187,7.774286637474792,-0.56,10.23574808524231,0.7,0.1,0.6815898136926068,6.284971138555074
1961-08-31,,327.6,,2.0,,2.39,6.6,0.0,0.0,0.8300000000000001,0.0,0.6599999999999999,0.1,0.02,0.0
1961-09-30,,329.5,,1.88,,2.28,6.7,0.0,0.0,-0.1200000000000001,0.06,0.67,0.1,0.02,3.3273450127683145e-05
1961-10-31,580.612,331.1,393.316,2.26,,2.3,6.5,2.280926745398681,1.6546312617274015,0.3799999999999999,3.745558007126083,0.65,0.1,0.6774162435499094,2.462641311375557
1961-11-30,,333.4,,2.61,,2.48,6.1,0.0,0.0,0.3500000000000001,0.0,0.61,0.1,0.02,0.0
1961-12-31,,335.5,,2.33,,2.6,6.0,0.0,0.0,-0.2799999999999998,0.1399999999999999,0.6,0.1,0.02,8.746120911432743e-05
1962-01-31,,,,,4.1,,,0.0,0.0,,0.05,0.45,0.1,0.02,4.222567821514813e-05
1962-02-28,,,,,4.0,,,0.0,0.0,,0.05,0.45,0.1,0.02,4.222567821514813e-05
1962-03-31,,,,,3.86,,,0.0,0.0,,0.05,0.45,0.1,0.02,4.222567821514813e-05
1962-04-30,,,,,3.86,,,0.0,0.0,,0.05,0.45,0.1,0.02,4.222567821514813e-05
1962-05-31,,,,,3.9,,,0.0,0.0,,0.05,0.45,0.1,0.02,4.222567821514813e-05
1962-06-30,,,,,4.0,,,0.0,0.0,,0.05,0.45,0.1,0.02,4.222567821514813e-05
1962-07-31,,,,,4.04,,,0.0,0.0,,0.05,0.45,0.1,0.02,4.222567821514813e-05
1962-08-31,,,,,3.96,,,0.0,0.0,,0.05,0.45,0.1,0.02,4.222567821514813e-05
1962-09-30,,,,,3.94,,,0.0,0.0,,0.05,0.45,0.1,0.02,4.222567821514813e-05
1962-10-31,,,,,3.92,,,0.0,0.0,,0.05,0.45,0.1,0.02,4.222567821514813e-05
1962-11-30,,,,,3.92,,,0.0,0.0,,0.05,0.45,0.1,0.02,4.222567821514813e-05
1962-12-31,,,,,3.85,,,0.0,0.0,,0.05,0.45,0.1,0.02,4.222567821514813e-05
1963-01-31,,,,,3.87,,,0.0,0.0,,0.05,0.45,0.1,0.02,4.222567821514813e-05
1963-02-28,,,,,3.94,,,0.0,0.0,,0.05,0.45,0.1,0.02,4.222567821514813e-05
1963-03-31,,,,,3.95,,,0.0,0.0,,0.05,0.45,0.1,0.02,4.222567821514813e-05
1963-04-30,,,,,3.95,,,0.0,0.0,,0.05,0.45,0.1,0.02,4.222567821514813e-05
1963-05-31,,,,,3.96,,,0.0,0.0,,0.05,0.45,0.1,0.02,4.222567821514813e-05
1963-06-30,,,,,4.0,,,0.0,0.0,,0.05,0.45,0.1,0.02,4.222567821514813e-05
1963-07-31,,,,,4.0,,,0.0,0.0,,0.05,0.45,0.1,0.02,4.222567821514813e-05
1963-08-31,,,,,4.02,,,0.0,0.0,,0.05,0.45,0.1,0.02,4.222567821514813e-05
1963-09-30,,,,,4.07,,,0.0,0.0,,0.05,0.45,0.1,0.02,4.222567821514813e-05
1963-10-31,,,,,4.15,,,0.0,0.0,,0.05,0.45,0.1,0.02,4.222567821514813e-05
1963-11-30,,,,,4.08,,,0.0,0.0,,0.05,0.45,0.1,0.02,4.222567821514813e-05
1963-12-31,,,,,4.14,,,0.0,0.0,,0.05,0.45,0.1,0.02,4.222567821514813e-05
1964-01-31,,,,,4.15,,,0.0,0.0,,0.05,0.45,0.1,0.02,4.222567821514813e-05
1964-02-29,,,,,4.18,,,0.0,0.0,,0.05,0.45,0.1,0.02,4.222567821514813e-05
1964-03-31,,,,,4.23,,,0.0,0.0,,0.05,0.45,0.1,0.02,4.222567821514813e-05
1964-04-30,,,,,4.22,,,0.0,0.0,,0.05,0.45,0.1,0.02,4.222567821514813e-05
1964-05-31,,,,,,,,0.0,0.0,,0.05,0.45,0.1,0.02,4.222567821514813e-05
1964-06-30,,,,,4.15,,,0.0,0.0,,0.05,0.45,0.1,0.02,4.222567821514813e-05
1964-07-31,,,,,4.19,,,0.0,0.0,,0.05,0.45,0.1,0.02,4.222567821514813e-05
1964-08-31,,,,,4.21,,,0.0,0.0,,0.05,0.45,0.1,0.02,4.222567821514813e-05
1964-09-30,,,,,4.18,,,0.0,0.0,,0.05,0.45,0.1,0.02,4.222567821514813e-05
1964-10-31,,,,,4.16,,,0.0,0.0,,0.05,0.45,0.1,0.02,4.222567821514813e-05
1964-11-30,,,,,4.2,,,0.0,0.0,,0.05,0.45,0.1,0.02,4.222567821514813e-05
1964-12-31,,,,,4.21,,,0.0,0.0,,0.05,0.45,0.1,0.02,4.222567821514813e-05
1965-01-31,,,,,4.19,,,0.0,0.0,,0.05,0.45,0.1,0.02,4.222567821514813e-05
1965-02-28,,,,,4.22,,,0.0,0.0,,0.05,0.45,0.1,0.02,4.222567821514813e-05
1965-03-31,,,,,4.2,,,0.0,0.0,,0.05,0.45,0.1,0.02,4.222567821514813e-05
1965-04-30,,,,,4.21,,,0.0,0.0,,0.05,0.45,0.1,0.02,4.222567821514813e-05
1965-05-31,,,,,,,,0.0,0.0,,0.05,0.45,0.1,0.02,4.222567821514813e-05
1965-06-30,,,,,4.2,,,0.0,0.0,,0.05,0.45,0.1,0.02,4.222567821514813e-05
1965-07-31,,,,,4.22,,,0.0,0.0,,0.05,0.45,0.1,0.02,4.222567821514813e-05
1965-08-31,,,,,4.27,,,0.0,0.0,,0.05,0.45,0.1,0.02,4.222567821514813e-05
1965-09-30,,,,,4.35,,,0.0,0.0,,0.05,0.45,0.1,0.02,4.222567821514813e-05
1965-10-31,,,,,4.41,,,0.0,0.0,,0.05,0.45,0.1,0.02,4.222567821514813e-05
1965-11-30,,,,,4.48,,,0.0,0.0,,0.05,0.45,0.1,0.02,4.222567821514813e-05
1965-12-31,,,,,4.65,,,0.0,0.0,,0.05,0.45,0.1,0.02,4.222567821514813e-05
1966-01-31,,,,,4.69,,,0.0,0.0,,0.05,0.45,0.1,0.02,4.222567821514813e-05
1966-02-28,,,,,5.02,,,0.0,0.0,,0.05,0.45,0.1,0.02,4.222567821514813e-05
1966-03-31,,,,,4.71,,,0.0,0.0,,0.05,0.45,0.1,0.02,4.222567821514813e-05
1966-04-30,,,,,4.79,,,0.0,0.0,,0.05,0.45,0.1,0.02,4.222567821514813e-05
1966-05-31,,,,,4.8,,,0.0,0.0,,0.05,0.45,0.1,0.02,4.222567821514813e-05
1966-06-30,,,,,4.97,,,0.0,0.0,,0.05,0.45,0.1,0.02,4.222567821514813e-05
1966-07-31,,,,,5.05,,,0.0,0.0,,0.05,0.45,0.1,0.02,4.222567821514813e-05
1966-08-31,,,,,5.36,,,0.0,0.0,,0.05,0.45,0.1,0.02,4.222567821514813e-05
1966-09-30,,,,,5.02,,,0.0,0.0,,0.05,0.45,0.1,0.02,4.222567821514813e-05
1966-10-31,,,,,4.97,,,0.0,0.0,,0.05,0.45,0.1,0.02,4.222567821514813e-05
1966-11-30,,,,,5.12,,,0.0,0.0,,0.05,0.45,0.1,0.02,4.222567821514813e-05
1966-12-31,,,,,4.64,,,0.0,0.0,,0.05,0.45,0.1,0.02,4.222567821514813e-05
1967-01-31,,,,,4.52,,,0.0,0.0,,0.05,0.45,0.1,0.02,4.222567821514813e-05
1967-02-28,,,,,4.72,,,0.0,0.0,,0.05,0.45,0.1,0.02,4.222567821514813e-05
1967-03-31,,,,,4.5,,,0.0,0.0,,0.05,0.45,0.1,0.02,4.222567821514813e-05
1967-04-30,,,,,4.78,,,0.0,0.0,,0.05,0.45,0.1,0.02,4.222567821514813e-05
1967-05-31,,,,,4.81,,,0.0,0.0,,0.05,0.45,0.1,0.02,4.222567821514813e-05
1967-06-30,,,,,5.22,,,0.0,0.0,,0.05,0.45,0.1,0.02,4.222567821514813e-05
1967-07-31,,,,,5.16,,,0.0,0.0,,0.05,0.45,0.1,0.02,4.222567821514813e-05
1967-08-31,,,,,5.27,,,0.0,0.0,,0.05,0.45,0.1,0.02,4.222567821514813e-05
1967-09-30,,,,,5.31,,,0.0,0.0,,0.05,0.45,0.1,0.02,4.222567821514813e-05
1967-10-31,,,,,5.64,,,0.0,0.0,,0.05,0.45,0.1,0.02,4.222567821514813e-05
1967-11-30,,,,,5.74,,,0.0,0.0,,0.05,0.45,0.1,0.02,4.222567821514813e-05
1967-12-31,,,,,5.7,,,0.0,0.0,,0.05,0.45,0.1,0.02,4.222567821514813e-05
1968-01-31,,,,,5.54,,,0.0,0.0,,0.05,0.45,0.1,0.02,4.222567821514813e-05
1968-02-29,,,,,5.56,,,0.0,0.0,,0.05,0.45,0.1,0.02,4.222567821514813e-05
1968-03-31,,,,,5.76,,,0.0,0.0,,0.05,0.45,0.1,0.02,4.222567821514813e-05
1968-04-30,,,,,5.74,,,0.0,0.0,,0.05,0.45,0.1,0.02,4.222567821514813e-05
1968-05-31,,,,,5.86,,,0.0,0.0,,0.05,0.45,0.1,0.02,4.222567821514813e-05
1968-06-30,,,,,5.64,,,0.0,0.0,,0.05,0.45,0.1,0.02,4.222567821514813e-05
1968-07-31,,,,,5.39,,,0.0,0.0,,0.05,0.45,0.1,0.02,4.222567821514813e-05
1968-08-31,,,,,5.42,,,0.0,0.0,,0.05,0.45,0.1,0.02,4.222567821514813e-05
1968-09-30,,,,,5.49,,,0.0,0.0,,0.05,0.45,0.1,0.02,4.222567821514813e-05
1968-10-31,,,,,5.61,,,0.0,0.0,,0.05,0.45,0.1,0.02,4.222567821514813e-05
1968-11-30,,,,,5.78,,,0.0,0.0,,0.05,0.45,0.1,0.02,4.222567821514813e-05
1968-12-31,,,,,6.16,,,0.0,0.0,,0.05,0.45,0.1,0.02,4.222567821514813e-05
1969-01-31,,,,,6.19,,,0.0,0.0,,0.05,0.45,0.1,0.02,4.222567821514813e-05
1969-02-28,,,,,6.26,,,0.0,0.0,,0.05,0.45,0.1,0.02,4.222567821514813e-05
1969-03-31,,,,,,,,0.0,0.0,,0.05,0.45,0.1,0.02,4.222567821514813e-05
1969-04-30,,,,,6.2,,,0.0,0.0,,0.05,0.45,0.1,0.02,4.222567821514813e-05
1969-05-31,,,,,,,,0.0,0.0,,0.05,0.45,0.1,0.02,4.222567821514813e-05
1969-06-30,,,,,6.73,,,0.0,0.0,,0.05,0.45,0.1,0.02,4.222567821514813e-05
1969-07-31,,,,,6.66,,,0.0,0.0,,0.05,0.45,0.1,0.02,4.222567821514813e-05
1969-08-31,,,,,6.83,,,0.0,0.0,,0.05,0.45,0.1,0.02,4.222567821514813e-05
1969-09-30,,,,,7.51,,,0.0,0.0,,0.05,0.45,0.1,0.02,4.222567821514813e-05
1969-10-31,,,,,6.94,,,0.0,0.0,,0.05,0.45,0.1,0.02,4.222567821514813e-05
1969-11-30,,,,,7.29,,,0.0,0.0,,0.05,0.45,0.1,0.02,4.222567821514813e-05
1969-12-31,,,,,7.88,,,0.0,0.0,,0.05,0.45,0.1,0.02,4.222567821514813e-05
1970-01-31,,,,,7.75,,,0.0,0.0,,0.05,0.45,0.1,0.02,4.222567821514813e-05
1970-02-28,,,,,6.9,,,0.0,0.0,,0.05,0.45,0.1,0.02,4.222567821514813e-05
1970-03-31,,,,,7.08,,,0.0,0.0,,0.05,0.45,0.1,0.02,4.222567821514813e-05
1970-04-30,,,,,7.82,,,0.0,0.0,,0.05,0.45,0.1,0.02,4.222567821514813e-05
1970-05-31,,,,,7.95,,,0.0,0.0,,0.05,0.45,0.1,0.02,4.222567821514813e-05
1970-06-30,,,,,7.68,,,0.0,0.0,,0.05,0.45,0.1,0.02,4.222567821514813e-05
1970-07-31,,,,,7.38,,,0.0,0.0,,0.05,0.45,0.1,0.02,4.222567821514813e-05
1970-08-31,,,,,7.49,,,0.0,0.0,,0.05,0.45,0.1,0.02,4.222567821514813e-05
1970-09-30,,,,,7.29,,,0.0,0.0,,0.05,0.45,0.1,0.02,4.222567821514813e-05
1970-10-31,,,,,7.33,,,0.0,0.0,,0.05,0.45,0.1,0.02,4.222567821514813e-05
1970-11-30,,,,,6.49,,,0.0,0.0,,0.05,0.45,0.1,0.02,4.222567821514813e-05
1970-12-31,,,,,6.5,,,0.0,0.0,,0.05,0.45,0.1,0.02,4.222567821514813e-05
1971-01-31,,,,,6.09,,,0.0,0.0,,0.05,0.45,0.1,0.02,4.222567821514813e-05
1971-02-28,,,,,6.14,,,0.0,0.0,,0.05,0.45,0.1,0.02,4.222567821514813e-05
1971-03-31,,,,,5.53,,,0.0,0.0,,0.05,0.45,0.1,0.02,4.222567821514813e-05
1971-04-30,,,,,6.08,,,0.0,0.0,,0.05,0.45,0.1,0.02,4.222567821514813e-05
1971-05-31,,,,,,,,0.0,0.0,,0.05,0.45,0.1,0.02,4.222567821514813e-05
1971-06-30,,,,,6.7,,,0.0,0.0,,0.05,0.45,0.1,0.02,4.222567821514813e-05
1971-07-31,,,,,6.85,,,0.0,0.0,,0.05,0.45,0.1,0.02,4.222567821514813e-05
1971-08-31,,,,,6.28,,,0.0,0.0,,0.05,0.45,0.1,0.02,4.222567821514813e-05
1971-09-30,,,,,6.0,,,0.0,0.0,,0.05,0.45,0.1,0.02,4.222567821514813e-05
1971-10-31,,,,,5.87,,,0.0,0.0,,0.05,0.45,0.1,0.02,4.222567821514813e-05
1971-11-30,,,,,5.93,,,0.0,0.0,,0.05,0.45,0.1,0.02,4.222567821514813e-05
1971-12-31,,,,,5.89,,,0.0,0.0,,0.05,0.45,0.1,0.02,4.222567821514813e-05
1972-01-31,,,,,6.09,,,0.0,0.0,,0.05,0.45,0.1,0.02,4.222567821514813e-05
1972-02-29,,,,,6.04,,,0.0,0.0,,0.05,0.45,0.1,0.02,4.222567821514813e-05
1972-03-31,,,,,,,,0.0,0.0,,0.05,0.45,0.1,0.02,4.222567821514813e-05
1972-04-30,,,,,6.14,,,0.0,0.0,,0.05,0.45,0.1,0.02,4.222567821514813e-05
1972-05-31,,,,,6.05,,,0.0,0.0,,0.05,0.45,0.1,0.02,4.222567821514813e-05
1972-06-30,,,,,6.15,,,0.0,0.0,,0.05,0.45,0.1,0.02,4.222567821514813e-05
1972-07-31,,,,,6.12,,,0.0,0.0,,0.05,0.45,0.1,0.02,4.222567821514813e-05
1972-08-31,,,,,6.42,,,0.0,0.0,,0.05,0.45,0.1,0.02,4.222567821514813e-05
1972-09-30,,,,,6.54,,,0.0,0.0,,0.05,0.45,0.1,0.02,4.222567821514813e-05
1972-10-31,,,,,6.41,,,0.0,0.0,,0.05,0.45,0.1,0.02,4.222567821514813e-05
1972-11-30,,,,,6.28,,,0.0,0.0,,0.05,0.45,0.1,0.02,4.222567821514813e-05
1972-12-31,,,,,6.41,,,0.0,0.0,,0.05,0.45,0.1,0.02,4.222567821514813e-05
1973-01-31,,,,,6.54,,,0.0,0.0,,0.05,0.45,0.1,0.02,4.222567821514813e-05
1973-02-28,,,,,6.64,,,0.0,0.0,,0.05,0.45,0.1,0.02,4.222567821514813e-05
1973-03-31,,,,,6.73,,,0.0,0.0,,0.05,0.45,0.1,0.02,4.222567821514813e-05
1973-04-30,,,,,6.7,,,0.0,0.0,,0.05,0.45,0.1,0.02,4.222567821514813e-05
1973-05-31,,,,,6.93,,,0.0,0.0,,0.05,0.45,0.1,0.02,4.222567821514813e-05
1973-06-30,,,,,6.94,,,0.0,0.0,,0.05,0.45,0.1,0.02,4.222567821514813e-05
1973-07-31,,,,,7.43,,,0.0,0.0,,0.05,0.45,0.1,0.02,4.222567821514813e-05
1973-08-31,,,,,7.25,,,0.0,0.0,,0.05,0.45,0.1,0.02,4.222567821514813e-05
1973-09-30,,,,,6.9,,,0.0,0.0,,0.05,0.45,0.1,0.02,4.222567821514813e-05
1973-10-31,,,,,6.71,,,0.0,0.0,,0.05,0.45,0.1,0.02,4.222567821514813e-05
1973-11-30,,,,,6.69,,,0.0,0.0,,0.05,0.45,0.1,0.02,4.222567821514813e-05
1973-12-31,,,,,6.9,,,0.0,0.0,,0.05,0.45,0.1,0.02,4.222567821514813e-05
1974-01-31,,,,,7.0,,,0.0,0.0,,0.05,0.45,0.1,0.02,4.222567821514813e-05
1974-02-28,,,,,7.01,,,0.0,0.0,,0.05,0.45,0.1,0.02,4.222567821514813e-05
1974-03-31,,,,,7.41,,,0.0,0.0,,0.05,0.45,0.1,0.02,4.222567821514813e-05
1974-04-30,,,,,7.66,,,0.0,0.0,,0.05,0.45,0.1,0.02,4.222567821514813e-05
1974-05-31,,,,,7.52,,,0.0,0.0,,0.05,0.45,0.1,0.02,4.222567821514813e-05
1974-06-30,,,,,7.64,,,0.0,0.0,,0.05,0.45,0.1,0.02,4.222567821514813e-05
1974-07-31,,,,,7.89,,,0.0,0.0,,0.05,0.45,0.1,0.02,4.222567821514813e-05
1974-08-31,,,,,8.11,,,0.0,0.0,,0.05,0.45,0.1,0.02,4.222567821514813e-05
1974-09-30,,,,,7.94,,,0.0,0.0,,0.05,0.45,0.1,0.02,4.222567821514813e-05
1974-10-31,,,,,7.79,,,0.0,0.0,,0.05,0.45,0.1,0.02,4.222567821514813e-05
1974-11-30,,,,,7.64,,,0.0,0.0,,0.05,0.45,0.1,0.02,4.222567821514813e-05
1974-12-31,,,,,7.4,,,0.0,0.0,,0.05,0.45,0.1,0.02,4.222567821514813e-05
1975-01-31,,,,,7.53,,,0.0,0.0,,0.05,0.45,0.1,0.02,4.222567821514813e-05
1975-02-28,,,,,7.46,,,0.0,0.0,,0.05,0.45,0.1,0.02,4.222567821514813e-05
1975-03-31,,,,,8.01,,,0.0,0.0,,0.05,0.45,0.1,0.02,4.222567821514813e-05
1975-04-30,,,,,8.31,,,0.0,0.0,,0.05,0.45,0.1,0.02,4.222567821514813e-05
1975-05-31,,,,,8.04,,,0.0,0.0,,0.05,0.45,0.1,0.02,4.222567821514813e-05
1975-06-30,,,,,7.96,,,0.0,0.0,,0.05,0.45,0.1,0.02,4.222567821514813e-05
1975-07-31,,,,,8.2,,,0.0,0.0,,0.05,0.45,0.1,0.02,4.222567821514813e-05
1975-08-31,,,,,8.22,,,0.0,0.0,,0.05,0.45,0.1,0.02,4.222567821514813e-05
1975-09-30,,,,,8.48,,,0.0,0.0,,0.05,0.45,0.1,0.02,4.222567821514813e-05
1975-10-31,,,,,7.91,,,0.0,0.0,,0.05,0.45,0.1,0.02,4.222567821514813e-05
1975-11-30,,,,,8.14,,,0.0,0.0,,0.05,0.45,0.1,0.02,4.222567821514813e-05
1975-12-31,,,,,7.76,,,0.0,0.0,,0.05,0.45,0.1,0.02,4.222567821514813e-05
1976-01-31,,,,,7.8,,,0.0,0.0,,0.05,0.45,0.1,0.02,4.222567821514813e-05
1976-02-29,,,,,7.77,,,0.0,0.0,,0.05,0.45,0.1,0.02,4.222567821514813e-05
1976-03-31,,,,,7.66,,,0.0,0.0,,0.05,0.45,0.1,0.02,4.222567821514813e-05
1976-04-30,,,,,7.67,,,0.0,0.0,,0.05,0.45,0.1,0.02,4.222567821514813e-05
1976-05-31,,,,,,,,0.0,0.0,,0.05,0.45,0.1,0.02,4.222567821514813e-05
1976-06-30,,,,,7.86,,,0.0,0.0,,0.05,0.45,0.1,0.02,4.222567821514813e-05
1976-07-31,,,,,7.86,,,0.0,0.0,,0.05,0.45,0.1,0.02,4.222567821514813e-05
1976-08-31,,,,,7.66,,,0.0,0.0,,0.05,0.45,0.1,0.02,4.222567821514813e-05
1976-09-30,,,,,7.55,,,0.0,0.0,,0.05,0.45,0.1,0.02,4.222567821514813e-05
1976-10-31,,,,,7.42,,,0.0,0.0,,0.05,0.45,0.1,0.02,4.222567821514813e-05
1976-11-30,,,,,7.01,,,0.0,0.0,,0.05,0.45,0.1,0.02,4.222567821514813e-05
1976-12-31,,,,,6.81,,,0.0,0.0,,0.05,0.45,0.1,0.02,4.222567821514813e-05
1977-01-31,,,,,7.4,,,0.0,0.0,,0.05,0.45,0.1,0.02,4.222567821514813e-05
1977-02-28,,,,,7.45,,,0.0,0.0,,0.05,0.45,0.1,0.02,4.222567821514813e-05
1977-03-31,,,,,7.42,,,0.0,0.0,,0.05,0.45,0.1,0.02,4.222567821514813e-05
1977-04-30,,,,,7.45,,,0.0,0.0,,0.05,0.45,0.1,0.02,4.222567821514813e-05
1977-05-31,,,,,7.38,,,0.0,0.0,,0.05,0.45,0.1,0.02,4.222567821514813e-05
1977-06-30,,,,,7.2,,,0.0,0.0,,0.05,0.45,0.1,0.02,4.222567821514813e-05
1977-07-31,,,,,7.42,,,0.0,0.0,,0.05,0.45,0.1,0.02,4.222567821514813e-05
1977-08-31,,,,,7.28,,,0.0,0.0,,0.05,0.45,0.1,0.02,4.222567821514813e-05
1977-09-30,,,,,7.41,,,0.0,0.0,,0.05,0.45,0.1,0.02,4.222567821514813e-05
1977-10-31,,,,,7.62,,,0.0,0.0,,0.05,0.45,0.1,0.02,4.222567821514813e-05
1977-11-30,,,,,7.55,,,0.0,0.0,,0.05,0.45,0.1,0.02,4.222567821514813e-05
1977-12-31,,,,,7.78,,,0.0,0.0,,0.05,0.45,0.1,0.02,4.222567821514813e-05
1978-01-31,,,,,7.94,,,0.0,0.0,,0.05,0.45,0.1,0.02,4.222567821514813e-05
1978-02-28,,,,,8.04,,,0.0,0.0,,0.05,0.45,0.1,0.02,4.222567821514813e-05
1978-03-31,,,,,8.15,,,0.0,0.0,,0.05,0.45,0.1,0.02,4.222567821514813e-05
1978-04-30,,,,,8.24,,,0.0,0.0,,0.05,0.45,0.1,0.02,4.222567821514813e-05
1978-05-31,,,,,8.42,,,0.0,0.0,,0.05,0.45,0.1,0.02,4.222567821514813e-05
1978-06-30,,,,,8.62,,,0.0,0.0,,0.05,0.45,0.1,0.02,4.222567821514813e-05
1978-07-31,,,,,8.56,,,0.0,0.0,,0.05,0.45,0.1,0.02,4.222567821514813e-05
1978-08-31,,,,,8.39,,,0.0,0.0,,0.05,0.45,0.1,0.02,4.222567821514813e-05
1978-09-30,,,,,8.56,,,0.0,0.0,,0.05,0.45,0.1,0.02,4.222567821514813e-05
1978-10-31,,,,,8.96,,,0.0,0.0,,0.05,0.45,0.1,0.02,4.222567821514813e-05
1978-11-30,,,,,8.86,,,0.0,0.0,,0.05,0.45,0.1,0.02,4.222567821514813e-05
1978-12-31,,,,,9.15,,,0.0,0.0,,0.05,0.45,0.1,0.02,4.222567821514813e-05
1979-01-31,,,,,8.95,,,0.0,0.0,,0.05,0.45,0.1,0.02,4.222567821514813e-05
1979-02-28,,,,,9.17,,,0.0,0.0,,0.05,0.45,0.1,0.02,4.222567821514813e-05
1979-03-31,,,,,9.11,,,0.0,0.0,,0.05,0.45,0.1,0.02,4.222567821514813e-05
1979-04-30,,,,,9.35,,,0.0,0.0,,0.05,0.45,0.1,0.02,4.222567821514813e-05
1979-05-31,,,,,9.06,,,0.0,0.0,,0.05,0.45,0.1,0.02,4.222567821514813e-05
1979-06-30,,,,,8.81,,,0.0,0.0,,0.05,0.45,0.1,0.02,4.222567821514813e-05
1979-07-31,,,,,9.01,,,0.0,0.0,,0.05,0.45,0.1,0.02,4.222567821514813e-05
1979-08-31,,,,,9.24,,,0.0,0.0,,0.05,0.45,0.1,0.02,4.222567821514813e-05
1979-09-30,,,,,9.44,,,0.0,0.0,,0.05,0.45,0.1,0.02,4.222567821514813e-05
1979-10-31,,,,,10.72,,,0.0,0.0,,0.05,0.45,0.1,0.02,4.222567821514813e-05
1979-11-30,,,,,10.38,,,0.0,0.0,,0.05,0.45,0.1,0.02,4.222567821514813e-05
1979-12-31,,,,,10.33,,,0.0,0.0,,0.05,0.45,0.1,0.02,4.222567821514813e-05
1980-01-31,,,,,11.13,,,0.0,0.0,,0.05,0.45,0.1,0.02,4.222567821514813e-05
1980-02-29,,,,,12.72,,,0.0,0.0,,0.05,0.45,0.1,0.02,4.222567821514813e-05
1980-03-31,,,,,12.64,,,0.0,0.0,,0.05,0.45,0.1,0.02,4.222567821514813e-05
1980-04-30,,,,,10.76,,,0.0,0.0,,0.05,0.45,0.1,0.02,4.222567821514813e-05
1980-05-31,,,,,10.25,,,0.0,0.0,,0.05,0.45,0.1,0.02,4.222567821514813e-05
1980-06-30,,,,,10.09,,,0.0,0.0,,0.05,0.45,0.1,0.02,4.222567821514813e-05
1980-07-31,,,,,10.76,,,0.0,0.0,,0.05,0.45,0.1,0.02,4.222567821514813e-05
1980-08-31,,,,,11.55,,,0.0,0.0,,0.05,0.45,0.1,0.02,4.222567821514813e-05
1980-09-30,,,,,11.86,,,0.0,0.0,,0.05,0.45,0.1,0.02,4.222567821514813e-05
1980-10-31,,,,,12.46,,,0.0,0.0,,0.05,0.45,0.1,0.02,4.222567821514813e-05
1980-11-30,,,,,12.72,,,0.0,0.0,,0.05,0.45,0.1,0.02,4.222567821514813e-05
1980-12-31,,,,,12.43,,,0.0,0.0,,0.05,0.45,0.1,0.02,4.222567821514813e-05
1981-01-31,,,,,12.68,,,0.0,0.0,,0.05,0.45,0.1,0.02,4.222567821514813e-05
1981-02-28,,,,,13.43,,,0.0,0.0,,0.05,0.45,0.1,0.02,4.222567821514813e-05
1981-03-31,,,,,13.13,,,0.0,0.0,,0.05,0.45,0.1,0.02,4.222567821514813e-05
1981-04-30,,,,,14.11,,,0.0,0.0,,0.05,0.45,0.1,0.02,4.222567821514813e-05
1981-05-31,,,,,13.5,,,0.0,0.0,,0.05,0.45,0.1,0.02,4.222567821514813e-05
1981-06-30,,,,,13.86,,,0.0,0.0,,0.05,0.45,0.1,0.02,4.222567821514813e-05
1981-07-31,,,,,14.67,,,0.0,0.0,,0.05,0.45,0.1,0.02,4.222567821514813e-05
1981-08-31,,,,,15.41,,,0.0,0.0,,0.05,0.45,0.1,0.02,4.222567821514813e-05
1981-09-30,,,,,15.84,,,0.0,0.0,,0.05,0.45,0.1,0.02,4.222567821514813e-05
1981-10-31,,,,,14.63,,,0.0,0.0,,0.05,0.45,0.1,0.02,4.222567821514813e-05
1981-11-30,,,,,13.13,,,0.0,0.0,,0.05,0.45,0.1,0.02,4.222567821514813e-05
1981-12-31,,,,,13.98,,,0.0,0.0,,0.05,0.45,0.1,0.02,4.222567821514813e-05
1982-01-31,,,,,14.14,,,0.0,0.0,,0.05,0.45,0.1,0.02,4.222567821514813e-05
1982-02-28,,,,,14.03,,,0.0,0.0,,0.05,0.45,0.1,0.02,4.222567821514813e-05
1982-03-31,,,,,14.18,,,0.0,0.0,,0.05,0.45,0.1,0.02,4.222567821514813e-05
1982-04-30,,,,,13.87,,,0.0,0.0,,0.05,0.45,0.1,0.02,4.222567821514813e-05
1982-05-31,,,,,,,,0.0,0.0,,0.05,0.45,0.1,0.02,4.222567821514813e-05
1982-06-30,,,,,14.44,,,0.0,0.0,,0.05,0.45,0.1,0.02,4.222567821514813e-05
1982-07-31,,,,,13.68,,,0.0,0.0,,0.05,0.45,0.1,0.02,4.222567821514813e-05
1982-08-31,,,,,12.81,,,0.0,0.0,,0.05,0.45,0.1,0.02,4.222567821514813e-05
1982-09-30,,,,,11.73,,,0.0,0.0,,0.05,0.45,0.1,0.02,4.222567821514813e-05
1982-10-31,,,,,10.71,,,0.0,0.0,,0.05,0.45,0.1,0.02,4.222567821514813e-05
1982-11-30,,,,,10.79,,,0.0,0.0,,0.05,0.45,0.1,0.02,4.222567821514813e-05
1982-12-31,,,,,10.36,,,0.0,0.0,,0.05,0.45,0.1,0.02,4.222567821514813e-05
1983-01-31,,,,,10.8,,,0.0,0.0,,0.05,0.45,0.1,0.02,4.222567821514813e-05
1983-02-28,,,,,10.27,,,0.0,0.0,,0.05,0.45,0.1,0.02,4.222567821514813e-05
1983-03-31,,,,,10.62,,,0.0,0.0,,0.05,0.45,0.1,0.02,4.222567821514813e-05
1983-04-30,,,,,10.27,,,0.0,0.0,,0.05,0.45,0.1,0.02,4.222567821514813e-05
1983-05-31,,,,,10.81,,,0.0,0.0,,0.05,0.45,0.1,0.02,4.222567821514813e-05
1983-06-30,,,,,10.96,,,0.0,0.0,,0.05,0.45,0.1,0.02,4.222567821514813e-05
1983-07-31,,,,,11.76,,,0.0,0.0,,0.05,0.45,0.1,0.02,4.222567821514813e-05
1983-08-31,,,,,11.98,,,0.0,0.0,,0.05,0.45,0.1,0.02,4.222567821514813e-05
1983-09-30,,,,,11.44,,,0.0,0.0,,0.05,0.45,0.1,0.02,4.222567821514813e-05
1983-10-31,,,,,11.74,,,0.0,0.0,,0.05,0.45,0.1,0.02,4.222567821514813e-05
1983-11-30,,,,,11.63,,,0.0,0.0,,0.05,0.45,0.1,0.02,4.222567821514813e-05
1983-12-31,,,,,11.82,,,0.0,0.0,,0.05,0.45,0.1,0.02,4.222567821514813e-05
1984-01-31,,,,,11.67,,,0.0,0.0,,0.05,0.45,0.1,0.02,4.222567821514813e-05
1984-02-29,,,,,12.04,,,0.0,0.0,,0.05,0.45,0.1,0.02,4.222567821514813e-05
1984-03-31,,,,,12.53,,,0.0,0.0,,0.05,0.45,0.1,0.02,4.222567821514813e-05
1984-04-30,,,,,12.82,,,0.0,0.0,,0.05,0.45,0.1,0.02,4.222567821514813e-05
1984-05-31,,,,,13.91,,,0.0,0.0,,0.05,0.45,0.1,0.02,4.222567821514813e-05
1984-06-30,,,,,13.84,,,0.0,0.0,,0.05,0.45,0.1,0.02,4.222567821514813e-05
1984-07-31,,,,,12.91,,,0.0,0.0,,0.05,0.45,0.1,0.02,4.222567821514813e-05
1984-08-31,,,,,12.79,,,0.0,0.0,,0.05,0.45,0.1,0.02,4.222567821514813e-05
1984-09-30,,,,,12.47,,,0.0,0.0,,0.05,0.45,0.1,0.02,4.222567821514813e-05
1984-10-31,,,,,11.79,,,0.0,0.0,,0.05,0.45,0.1,0.02,4.222567821514813e-05
1984-11-30,,,,,11.58,,,0.0,0.0,,0.05,0.45,0.1,0.02,4.222567821514813e-05
1984-12-31,,,,,11.55,,,0.0,0.0,,0.05,0.45,0.1,0.02,4.222567821514813e-05
1985-01-31,,,,,11.17,,,0.0,0.0,,0.05,0.45,0.1,0.02,4.222567821514813e-05
1985-02-28,,,,,11.91,,,0.0,0.0,,0.05,0.45,0.1,0.02,4.222567821514813e-05
1985-03-31,,,,,11.65,,,0.0,0.0,,0.05,0.45,0.1,0.02,4.222567821514813e-05
1985-04-30,,,,,11.41,,,0.0,0.0,,0.05,0.45,0.1,0.02,4.222567821514813e-05
1985-05-31,,,,,10.28,,,0.0,0.0,,0.05,0.45,0.1,0.02,4.222567821514813e-05
1985-06-30,,,,,10.25,,,0.0,0.0,,0.05,0.45,0.1,0.02,4.222567821514813e-05
1985-07-31,,,,,10.57,,,0.0,0.0,,0.05,0.45,0.1,0.02,4.222567821514813e-05
1985-08-31,,,,,10.28,,,0.0,0.0,,0.05,0.45,0.1,0.02,4.222567821514813e-05
1985-09-30,,,,,10.31,,,0.0,0.0,,0.05,0.45,0.1,0.02,4.222567821514813e-05
1985-10-31,,,,,10.01,,,0.0,0.0,,0.05,0.45,0.1,0.02,4.222567821514813e-05
1985-11-30,,,,,9.59,,,0.0,0.0,,0.05,0.45,0.1,0.02,4.222567821514813e-05
1985-12-31,,,,,9.0,,,0.0,0.0,,0.05,0.45,0.1,0.02,4.222567821514813e-05
1986-01-31,,,,,9.08,,,0.0,0.0,,0.05,0.45,0.1,0.02,4.222567821514813e-05
1986-02-28,,,,,8.13,,,0.0,0.0,,0.05,0.45,0.1,0.02,4.222567821514813e-05
1986-03-31,,,,,7.39,,,0.0,0.0,,0.05,0.45,0.1,0.02,4.222567821514813e-05
1986-04-30,,,,,7.38,,,0.0,0.0,,0.05,0.45,0.1,0.02,4.222567821514813e-05
1986-05-31,,,,,8.05,,,0.0,0.0,,0.05,0.45,0.1,0.02,4.222567821514813e-05
1986-06-30,,,,,7.35,,,0.0,0.0,,0.05,0.45,0.1,0.02,4.222567821514813e-05
1986-07-31,,,,,7.34,,,0.0,0.0,,0.05,0.45,0.1,0.02,4.222567821514813e-05
1986-08-31,,,,,6.95,,,0.0,0.0,,0.05,0.45,0.1,0.02,4.222567821514813e-05
1986-09-30,,,,,7.45,,,0.0,0.0,,0.05,0.45,0.1,0.02,4.222567821514813e-05
1986-10-31,,,,,7.34,,,0.0,0.0,,0.05,0.45,0.1,0.02,4.222567821514813e-05
1986-11-30,,,,,7.15,,,0.0,0.0,,0.05,0.45,0.1,0.02,4.222567821514813e-05
1986-12-31,,,,,7.23,,,0.0,0.0,,0.05,0.45,0.1,0.02,4.222567821514813e-05
1987-01-31,,,,,7.18,,,0.0,0.0,,0.05,0.45,0.1,0.02,4.222567821514813e-05
1987-02-28,,,,,7.19,,,0.0,0.0,,0.05,0.45,0.1,0.02,4.222567821514813e-05
1987-03-31,,,,,7.51,,,0.0,0.0,,0.05,0.45,0.1,0.02,4.222567821514813e-05
1987-04-30,,,,,8.21,,,0.0,0.0,,0.05,0.45,0.1,0.02,4.222567821514813e-05
1987-05-31,,,,,8.49,,,0.0,0.0,,0.05,0.45,0.1,0.02,4.222567821514813e-05
1987-06-30,,,,,8.38,,,0.0,0.0,,0.05,0.45,0.1,0.02,4.222567821514813e-05
1987-07-31,,,,,8.66,,,0.0,0.0,,0.05,0.45,0.1,0.02,4.222567821514813e-05
1987-08-31,,,,,9.0,,,0.0,0.0,,0.05,0.45,0.1,0.02,4.222567821514813e-05
1987-09-30,,,,,9.63,,,0.0,0.0,,0.05,0.45,0.1,0.02,4.222567821514813e-05
1987-10-31,,,,,8.88,,,0.0,0.0,,0.05,0.45,0.1,0.02,4.222567821514813e-05
1987-11-30,,,,,8.99,,,0.0,0.0,,0.05,0.45,0.1,0.02,4.222567821514813e-05
1987-12-31,,,,,8.83,,,0.0,0.0,,0.05,0.45,0.1,0.02,4.222567821514813e-05
1988-01-31,,,,,8.26,,,0.0,0.0,,0.05,0.45,0.1,0.02,4.222567821514813e-05
1988-02-29,,,,,8.16,,,0.0,0.0,,0.05,0.45,0.1,0.02,4.222567821514813e-05
1988-03-31,,,,,8.57,,,0.0,0.0,,0.05,0.45,0.1,0.02,4.222567821514813e-05
1988-04-30,,,,,8.87,,,0.0,0.0,,0.05,0.45,0.1,0.02,4.222567821514813e-05
1988-05-31,,,,,9.2,,,0.0,0.0,,0.05,0.45,0.1,0.02,4.222567821514813e-05
1988-06-30,,,,,8.82,,,0.0,0.0,,0.05,0.45,0.1,0.02,4.222567821514813e-05
1988-07-31,,,,,9.12,,,0.0,0.0,,0.05,0.45,0.1,0.02,4.222567821514813e-05
1988-08-31,,,,,9.25,,,0.0,0.0,,0.05,0.45,0.1,0.02,4.222567821514813e-05
1988-09-30,,,,,8.87,,,0.0,0.0,,0.05,0.45,0.1,0.02,4.222567821514813e-05
1988-10-31,,,,,8.65,,,0.0,0.0,,0.05,0.45,0.1,0.02,4.222567821514813e-05
1988-11-30,,,,,9.06,,,0.0,0.0,,0.05,0.45,0.1,0.02,4.222567821514813e-05
1988-12-31,,,,,9.14,,,0.0,0.0,,0.05,0.45,0.1,0.02,4.222567821514813e-05
1989-01-31,,,,,9.01,,,0.0,0.0,,0.05,0.45,0.1,0.02,4.222567821514813e-05
1989-02-28,,,,,9.32,,,0.0,0.0,,0.05,0.45,0.1,0.02,4.222567821514813e-05
1989-03-31,,,,,9.3,,,0.0,0.0,,0.05,0.45,0.1,0.02,4.222567821514813e-05
1989-04-30,,,,,9.02,,,0.0,0.0,,0.05,0.45,0.1,0.02,4.222567821514813e-05
1989-05-31,,,,,8.6,,,0.0,0.0,,0.05,0.45,0.1,0.02,4.222567821514813e-05
1989-06-30,,,,,8.1,,,0.0,0.0,,0.05,0.45,0.1,0.02,4.222567821514813e-05
1989-07-31,,,,,7.82,,,0.0,0.0,,0.05,0.45,0.1,0.02,4.222567821514813e-05
1989-08-31,,,,,8.26,,,0.0,0.0,,0.05,0.45,0.1,0.02,4.222567821514813e-05
1989-09-30,,,,,8.31,,,0.0,0.0,,0.05,0.45,0.1,0.02,4.222567821514813e-05
1989-10-31,,,,,7.92,,,0.0,0.0,,0.05,0.45,0.1,0.02,4.222567821514813e-05
1989-11-30,,,,,7.84,,,0.0,0.0,,0.05,0.45,0.1,0.02,4.222567821514813e-05
1989-12-31,,,,,7.93,,,0.0,0.0,,0.05,0.45,0.1,0.02,4.222567821514813e-05
1990-01-31,,,,,8.43,,,0.0,0.0,,0.05,0.45,0.1,0.02,4.222567821514813e-05
1990-02-28,,,,,8.51,,,0.0,0.0,,0.05,0.45,0.1,0.02,4.222567821514813e-05
1990-03-31,,,,,8.65,,,0.0,0.0,,0.05,0.45,0.1,0.02,4.222567821514813e-05
1990-04-30,,,,,9.04,,,0.0,0.0,,0.05,0.45,0.1,0.02,4.222567821514813e-05
1990-05-31,,,,,8.6,,,0.0,0.0,,0.05,0.45,0.1,0.02,4.222567821514813e-05
1990-06-30,,,,,8.43,,,0.0,0.0,,0.05,0.45,0.1,0.02,4.222567821514813e-05
1990-07-31,,,,,8.36,,,0.0,0.0,,0.05,0.45,0.1,0.02,4.222567821514813e-05
1990-08-31,,,,,8.86,,,0.0,0.0,,0.05,0.45,0.1,0.02,4.222567821514813e-05
1990-09-30,,,,,8.82,,,0.0,0.0,,0.05,0.45,0.1,0.02,4.222567821514813e-05
1990-10-31,,,,,8.65,,,0.0,0.0,,0.05,0.45,0.1,0.02,4.222567821514813e-05
1990-11-30,,,,,8.26,,,0.0,0.0,,0.05,0.45,0.1,0.02,4.222567821514813e-05
1990-12-31,,,,,8.08,,,0.0,0.0,,0.05,0.45,0.1,0.02,4.222567821514813e-05
1991-01-31,,,,,8.03,,,0.0,0.0,,0.05,0.45,0.1,0.02,4.222567821514813e-05
1991-02-28,,,,,8.02,,,0.0,0.0,,0.05,0.45,0.1,0.02,4.222567821514813e-05
1991-03-31,,,,,,,,0.0,0.0,,0.05,0.45,0.1,0.02,4.222567821514813e-05
1991-04-30,,,,,8.02,,,0.0,0.0,,0.05,0.45,0.1,0.02,4.222567821514813e-05
1991-05-31,,,,,8.06,,,0.0,0.0,,0.05,0.45,0.1,0.02,4.222567821514813e-05
1991-06-30,,,,,8.24,,,0.0,0.0,,0.05,0.45,0.1,0.02,4.222567821514813e-05
1991-07-31,,,,,8.2,,,0.0,0.0,,0.05,0.45,0.1,0.02,4.222567821514813e-05
1991-08-31,,,,,7.82,,,0.0,0.0,,0.05,0.45,0.1,0.02,4.222567821514813e-05
1991-09-30,,,,,7.47,,,0.0,0.0,,0.05,0.45,0.1,0.02,4.222567821514813e-05
1991-10-31,,,,,7.47,,,0.0,0.0,,0.05,0.45,0.1,0.02,4.222567821514813e-05
1991-11-30,,,,,7.38,,,0.0,0.0,,0.05,0.45,0.1,0.02,4.222567821514813e-05
1991-12-31,,,,,6.71,,,0.0,0.0,,0.05,0.45,0.1,0.02,4.222567821514813e-05
1992-01-31,,,,,7.31,,,0.0,0.0,,0.05,0.45,0.1,0.02,4.222567821514813e-05
1992-02-29,,,,,7.27,,,0.0,0.0,,0.05,0.45,0.1,0.02,4.222567821514813e-05
1992-03-31,,,,,7.54,,,0.0,0.0,,0.05,0.45,0.1,0.02,4.222567821514813e-05
1992-04-30,,,,,7.61,,,0.0,0.0,,0.05,0.45,0.1,0.02,4.222567821514813e-05
1992-05-31,,,,,7.33,,,0.0,0.0,,0.05,0.45,0.1,0.02,4.222567821514813e-05
1992-06-30,,,,,7.14,,,0.0,0.0,,0.05,0.45,0.1,0.02,4.222567821514813e-05
1992-07-31,,,,,6.72,,,0.0,0.0,,0.05,0.45,0.1,0.02,4.222567821514813e-05
1992-08-31,,,,,6.62,,,0.0,0.0,,0.05,0.45,0.1,0.02,4.222567821514813e-05
1992-09-30,,,,,6.37,,,0.0,0.0,,0.05,0.45,0.1,0.02,4.222567821514813e-05
1992-10-31,,,,,6.8,,,0.0,0.0,,0.05,0.45,0.1,0.02,4.222567821514813e-05
1992-11-30,,,,,6.95,,,0.0,0.0,,0.05,0.45,0.1,0.02,4.222567821514813e-05
1992-12-31,,,,,6.7,,,0.0,0.0,,0.05,0.45,0.1,0.02,4.222567821514813e-05
1993-01-31,,,,,6.39,,,0.0,0.0,,0.05,0.45,0.1,0.02,4.222567821514813e-05
1993-02-28,,,,,6.03,,,0.0,0.0,,0.05,0.45,0.1,0.02,4.222567821514813e-05
1993-03-31,,,,,6.03,,,0.0,0.0,,0.05,0.45,0.1,0.02,4.222567821514813e-05
1993-04-30,,,,,6.05,,,0.0,0.0,,0.05,0.45,0.1,0.02,4.222567821514813e-05
1993-05-31,,,,,,,,0.0,0.0,,0.05,0.45,0.1,0.02,4.222567821514813e-05
1993-06-30,,,,,5.8,,,0.0,0.0,,0.05,0.45,0.1,0.02,4.222567821514813e-05
1993-07-31,,,,,5.83,,,0.0,0.0,,0.05,0.45,0.1,0.02,4.222567821514813e-05
1993-08-31,,,,,5.45,,,0.0,0.0,,0.05,0.45,0.1,0.02,4.222567821514813e-05
1993-09-30,,,,,5.4,,,0.0,0.0,,0.05,0.45,0.1,0.02,4.222567821514813e-05
1993-10-31,,,,,5.43,,,0.0,0.0,,0.05,0.45,0.1,0.02,4.222567821514813e-05
1993-11-30,,,,,5.83,,,0.0,0.0,,0.05,0.45,0.1,0.02,4.222567821514813e-05
1993-12-31,,,,,5.83,,,0.0,0.0,,0.05,0.45,0.1,0.02,4.222567821514813e-05
1994-01-31,,,,,5.7,,,0.0,0.0,,0.05,0.45,0.1,0.02,4.222567821514813e-05
1994-02-28,,,,,6.15,,,0.0,0.0,,0.05,0.45,0.1,0.02,4.222567821514813e-05
1994-03-31,,,,,6.77,,,0.0,0.0,,0.05,0.45,0.1,0.02,4.222567821514813e-05
1994-04-30,,,,,7.06,,,0.0,0.0,,0.05,0.45,0.1,0.02,4.222567821514813e-05
1994-05-31,,,,,7.17,,,0.0,0.0,,0.05,0.45,0.1,0.02,4.222567821514813e-05
1994-06-30,,,,,7.34,,,0.0,0.0,,0.05,0.45,0.1,0.02,4.222567821514813e-05
1994-07-31,,,,,7.12,,,0.0,0.0,,0.05,0.45,0.1,0.02,4.222567821514813e-05
1994-08-31,,,,,7.19,,,0.0,0.0,,0.05,0.45,0.1,0.02,4.222567821514813e-05
1994-09-30,,,,,7.62,,,0.0,0.0,,0.05,0.45,0.1,0.02,4.222567821514813e-05
1994-10-31,,,,,7.81,,,0.0,0.0,,0.05,0.45,0.1,0.02,4.222567821514813e-05
1994-11-30,,,,,7.91,,,0.0,0.0,,0.05,0.45,0.1,0.02,4.222567821514813e-05
1994-12-31,,,,,7.84,,,0.0,0.0,,0.05,0.45,0.1,0.02,4.222567821514813e-05
1995-01-31,,,,,7.6,,,0.0,0.0,,0.05,0.45,0.1,0.02,4.222567821514813e-05
1995-02-28,,,,,7.22,,,0.0,0.0,,0.05,0.45,0.1,0.02,4.222567821514813e-05
1995-03-31,,,,,7.2,,,0.0,0.0,,0.05,0.45,0.1,0.02,4.222567821514813e-05
1995-04-30,,,,,7.07,,,0.0,0.0,,0.05,0.45,0.1,0.02,4.222567821514813e-05
1995-05-31,,,,,6.3,,,0.0,0.0,,0.05,0.45,0.1,0.02,4.222567821514813e-05
1995-06-30,,,,,6.21,,,0.0,0.0,,0.05,0.45,0.1,0.02,4.222567821514813e-05
1995-07-31,,,,,6.45,,,0.0,0.0,,0.05,0.45,0.1,0.02,4.222567821514813e-05
1995-08-31,,,,,6.28,,,0.0,0.0,,0.05,0.45,0.1,0.02,4.222567821514813e-05
1995-09-30,,,,,6.17,,,0.0,0.0,,0.05,0.45,0.1,0.02,4.222567821514813e-05
1995-10-31,,,,,6.03,,,0.0,0.0,,0.05,0.45,0.1,0.02,4.222567821514813e-05
1995-11-30,,,,,5.76,,,0.0,0.0,,0.05,0.45,0.1,0.02,4.222567821514813e-05
1995-12-31,,,,,5.58,,,0.0,0.0,,0.05,0.45,0.1,0.02,4.222567821514813e-05
1996-01-31,,,,,5.6,,,0.0,0.0,,0.05,0.45,0.1,0.02,4.222567821514813e-05
1996-02-29,,,,,6.13,,,0.0,0.0,,0.05,0.45,0.1,0.02,4.222567821514813e-05
1996-03-31,,,,,6.34,,,0.0,0.0,,0.05,0.45,0.1,0.02,4.222567821514813e-05
1996-04-30,,,,,6.66,,,0.0,0.0,,0.05,0.45,0.1,0.02,4.222567821514813e-05
1996-05-31,,,,,6.85,,,0.0,0.0,,0.05,0.45,0.1,0.02,4.222567821514813e-05
1996-06-30,,,,,6.73,,,0.0,0.0,,0.05,0.45,0.1,0.02,4.222567821514813e-05
1996-07-31,,,,,6.8,,,0.0,0.0,,0.05,0.45,0.1,0.02,4.222567821514813e-05
1996-08-31,,,,,6.96,,,0.0,0.0,,0.05,0.45,0.1,0.02,4.222567821514813e-05
1996-09-30,,,,,6.72,,,0.0,0.0,,0.05,0.45,0.1,0.02,4.222567821514813e-05
1996-10-31,,,,,6.37,,,0.0,0.0,,0.05,0.45,0.1,0.02,4.222567821514813e-05
1996-11-30,,,,,6.06,,,0.0,0.0,,0.05,0.45,0.1,0.02,4.222567821514813e-05
1996-12-31,,,,,6.43,,,0.0,0.0,,0.05,0.45,0.1,0.02,4.222567821514813e-05
1997-01-31,,,,,6.53,,,0.0,0.0,,0.05,0.45,0.1,0.02,4.222567821514813e-05
1997-02-28,,,,,6.56,,,0.0,0.0,,0.05,0.45,0.1,0.02,4.222567821514813e-05
1997-03-31,,,,,6.92,,,0.0,0.0,,0.05,0.45,0.1,0.02,4.222567821514813e-05
1997-04-30,,,,,6.72,,,0.0,0.0,,0.05,0.45,0.1,0.02,4.222567821514813e-05
1997-05-31,,,,,6.67,,,0.0,0.0,,0.05,0.45,0.1,0.02,4.222567821514813e-05
1997-06-30,,,,,6.51,,,0.0,0.0,,0.05,0.45,0.1,0.02,4.222567821514813e-05
1997-07-31,,,,,6.02,,,0.0,0.0,,0.05,0.45,0.1,0.02,4.222567821514813e-05
1997-08-31,,,,,6.34,,,0.0,0.0,,0.05,0.45,0.1,0.02,4.222567821514813e-05
1997-09-30,,,,,6.12,,,0.0,0.0,,0.05,0.45,0.1,0.02,4.222567821514813e-05
1997-10-31,,,,,5.84,,,0.0,0.0,,0.05,0.45,0.1,0.02,4.222567821514813e-05
1997-11-30,,,,,5.86,,,0.0,0.0,,0.05,0.45,0.1,0.02,4.222567821514813e-05
1997-12-31,,,,,5.75,,,0.0,0.0,,0.05,0.45,0.1,0.02,4.222567821514813e-05
1998-01-31,,,,,5.53,,,0.0,0.0,,0.05,0.45,0.1,0.02,4.222567821514813e-05
1998-02-28,,,,,5.62,,,0.0,0.0,,0.05,0.45,0.1,0.02,4.222567821514813e-05
1998-03-31,,,,,5.67,,,0.0,0.0,,0.05,0.45,0.1,0.02,4.222567821514813e-05
1998-04-30,,,,,5.68,,,0.0,0.0,,0.05,0.45,0.1,0.02,4.222567821514813e-05
1998-05-31,,,,,5.56,,,0.0,0.0,,0.05,0.45,0.1,0.02,4.222567821514813e-05
1998-06-30,,,,,5.44,,,0.0,0.0,,0.05,0.45,0.1,0.02,4.222567821514813e-05
1998-07-31,,,,,5.5,,,0.0,0.0,,0.05,0.45,0.1,0.02,4.222567821514813e-05
1998-08-31,,,,,5.05,,,0.0,0.0,,0.05,0.45,0.1,0.02,4.222567821514813e-05
1998-09-30,,,,,4.44,,,0.0,0.0,,0.05,0.45,0.1,0.02,4.222567821514813e-05
1998-10-31,,,,,4.64,,,0.0,0.0,,0.05,0.45,0.1,0.02,4.222567821514813e-05
1998-11-30,,,,,4.74,,,0.0,0.0,,0.05,0.45,0.1,0.02,4.222567821514813e-05
1998-12-31,,,,,4.65,,,0.0,0.0,,0.05,0.45,0.1,0.02,4.222567821514813e-05
1999-01-31,,,,,4.66,,,0.0,0.0,,0.05,0.45,0.1,0.02,4.222567821514813e-05
1999-02-28,,,,,5.29,,,0.0,0.0,,0.05,0.45,0.1,0.02,4.222567821514813e-05
1999-03-31,,,,,5.25,,,0.0,0.0,,0.05,0.45,0.1,0.02,4.222567821514813e-05
1999-04-30,,,,,5.36,,,0.0,0.0,,0.05,0.45,0.1,0.02,4.222567821514813e-05
1999-05-31,,,,,,,,0.0,0.0,,0.05,0.45,0.1,0.02,4.222567821514813e-05
1999-06-30,,,,,5.81,,,0.0,0.0,,0.05,0.45,0.1,0.02,4.222567821514813e-05
1999-07-31,,,,,5.92,,,0.0,0.0,,0.05,0.45,0.1,0.02,4.222567821514813e-05
1999-08-31,,,,,5.98,,,0.0,0.0,,0.05,0.45,0.1,0.02,4.222567821514813e-05
1999-09-30,,,,,5.9,,,0.0,0.0,,0.05,0.45,0.1,0.02,4.222567821514813e-05
1999-10-31,,,,,6.02,,,0.0,0.0,,0.05,0.45,0.1,0.02,4.222567821514813e-05
1999-11-30,,,,,6.18,,,0.0,0.0,,0.05,0.45,0.1,0.02,4.222567821514813e-05
1999-12-31,,,,,6.45,,,0.0,0.0,,0.05,0.45,0.1,0.02,4.222567821514813e-05
2000-01-31,,,,,6.68,,,0.0,0.0,,0.05,0.45,0.1,0.02,4.222567821514813e-05
2000-02-29,,,,,6.42,,,0.0,0.0,,0.05,0.45,0.1,0.02,4.222567821514813e-05
2000-03-31,,,,,6.03,,,0.0,0.0,,0.05,0.45,0.1,0.02,4.222567821514813e-05
2000-04-30,,,,,6.23,,,0.0,0.0,,0.05,0.45,0.1,0.02,4.222567821514813e-05
2000-05-31,,,,,6.29,,,0.0,0.0,,0.05,0.45,0.1,0.02,4.222567821514813e-05
2000-06-30,,,,,6.03,,,0.0,0.0,,0.05,0.45,0.1,0.02,4.222567821514813e-05
2000-07-31,,,,,6.04,,,0.0,0.0,,0.05,0.45,0.1,0.02,4.222567821514813e-05
2000-08-31,,,,,5.73,,,0.0,0.0,,0.05,0.45,0.1,0.02,4.222567821514813e-05
2000-09-30,,,,,5.8,,,0.0,0.0,,0.05,0.45,0.1,0.02,4.222567821514813e-05
2000-10-31,,,,,5.77,,,0.0,0.0,,0.05,0.45,0.1,0.02,4.222567821514813e-05
2000-11-30,,,,,5.48,,,0.0,0.0,,0.05,0.45,0.1,0.02,4.222567821514813e-05
2000-12-31,,,,,5.12,,,0.0,0.0,,0.05,0.45,0.1,0.02,4.222567821514813e-05
2001-01-31,,,,,5.19,,,0.0,0.0,,0.05,0.45,0.1,0.02,4.222567821514813e-05
2001-02-28,,,,,4.92,,,0.0,0.0,,0.05,0.45,0.1,0.02,4.222567821514813e-05
2001-03-31,,,,,4.93,,,0.0,0.0,,0.05,0.45,0.1,0.02,4.222567821514813e-05
2001-04-30,,,,,5.35,,,0.0,0.0,,0.05,0.45,0.1,0.02,4.222567821514813e-05
2001-05-31,,,,,5.43,,,0.0,0.0,,0.05,0.45,0.1,0.02,4.222567821514813e-05
2001-06-30,,,,,5.42,,,0.0,0.0,,0.05,0.45,0.1,0.02,4.222567821514813e-05
2001-07-31,,,,,5.07,,,0.0,0.0,,0.05,0.45,0.1,0.02,4.222567821514813e-05
2001-08-31,,,,,4.85,,,0.0,0.0,,0.05,0.45,0.1,0.02,4.222567821514813e-05
2001-09-30,,,,,4.6,,,0.0,0.0,,0.05,0.45,0.1,0.02,4.222567821514813e-05
2001-10-31,,,,,4.3,,,0.0,0.0,,0.05,0.45,0.1,0.02,4.222567821514813e-05
2001-11-30,,,,,4.78,,,0.0,0.0,,0.05,0.45,0.1,0.02,4.222567821514813e-05
2001-12-31,,,,,5.07,,,0.0,0.0,,0.05,0.45,0.1,0.02,4.222567821514813e-05
2002-01-31,,,,,5.07,,,0.0,0.0,,0.05,0.45,0.1,0.02,4.222567821514813e-05
2002-02-28,,,,,4.88,,,0.0,0.0,,0.05,0.45,0.1,0.02,4.222567821514813e-05
2002-03-31,,,,,,,,0.0,0.0,,0.05,0.45,0.1,0.02,4.222567821514813e-05
2002-04-30,,,,,5.11,,,0.0,0.0,,0.05,0.45,0.1,0.02,4.222567821514813e-05
2002-05-31,,,,,5.08,,,0.0,0.0,,0.05,0.45,0.1,0.02,4.222567821514813e-05
2002-06-30,,,,,4.86,,,0.0,0.0,,0.05,0.45,0.1,0.02,4.222567821514813e-05
2002-07-31,,,,,4.51,,,0.0,0.0,,0.05,0.45,0.1,0.02,4.222567821514813e-05
2002-08-31,,,,,4.14,,,0.0,0.0,,0.05,0.45,0.1,0.02,4.222567821514813e-05
2002-09-30,,,,,3.63,,,0.0,0.0,,0.05,0.45,0.1,0.02,4.222567821514813e-05
2002-10-31,,,,,3.93,,,0.0,0.0,,0.05,0.45,0.1,0.02,4.222567821514813e-05
2002-11-30,,,,,4.22,,,0.0,0.0,,0.05,0.45,0.1,0.02,4.222567821514813e-05
2002-12-31,,,,,3.83,,,0.0,0.0,,0.05,0.45,0.1,0.02,4.222567821514813e-05
2003-01-31,,,,,4.0,,,0.0,0.0,,0.05,0.45,0.1,0.02,4.222567821514813e-05
2003-02-28,,,,,3.71,,,0.0,0.0,,0.05,0.45,0.1,0.02,4.222567821514813e-05
2003-03-31,,,,,3.83,,,0.0,0.0,,0.05,0.45,0.1,0.02,4.222567821514813e-05
2003-04-30,,,,,3.89,,,0.0,0.0,,0.05,0.45,0.1,0.02,4.222567821514813e-05
2003-05-31,,,,,3.37,,,0.0,0.0,,0.05,0.45,0.1,0.02,4.222567821514813e-05
2003-06-30,,,,,3.54,,,0.0,0.0,,0.05,0.45,0.1,0.02,4.222567821514813e-05
2003-07-31,,,,,4.49,,,0.0,0.0,,0.05,0.45,0.1,0.02,4.222567821514813e-05
2003-08-31,,,,,4.45,,,0.0,0.0,,0.05,0.45,0.1,0.02,4.222567821514813e-05
2003-09-30,,,,,3.96,,,0.0,0.0,,0.05,0.45,0.1,0.02,4.222567821514813e-05
2003-10-31,,,,,4.33,,,0.0,0.0,,0.05,0.45,0.1,0.02,4.222567821514813e-05
2003-11-30,,,,,4.34,,,0.0,0.0,,0.05,0.45,0.1,0.02,4.222567821514813e-05
2003-12-31,,,,,4.27,,,0.0,0.0,,0.05,0.45,0.1,0.02,4.222567821514813e-05
2004-01-31,,,,,4.16,,,0.0,0.0,,0.05,0.45,0.1,0.02,4.222567821514813e-05
2004-02-29,,,,,3.99,,,0.0,0.0,,0.05,0.45,0.1,0.02,4.222567821514813e-05
2004-03-31,,,,,3.86,,,0.0,0.0,,0.05,0.45,0.1,0.02,4.222567821514813e-05
2004-04-30,,,,,4.53,,,0.0,0.0,,0.05,0.45,0.1,0.02,4.222567821514813e-05
2004-05-31,,,,,,,,0.0,0.0,,0.05,0.45,0.1,0.02,4.222567821514813e-05
2004-06-30,,,,,4.62,,,0.0,0.0,,0.05,0.45,0.1,0.02,4.222567821514813e-05
2004-07-31,,,,,4.5,,,0.0,0.0,,0.05,0.45,0.1,0.02,4.222567821514813e-05
2004-08-31,,,,,4.13,,,0.0,0.0,,0.05,0.45,0.1,0.02,4.222567821514813e-05
2004-09-30,,,,,4.14,,,0.0,0.0,,0.05,0.45,0.1,0.02,4.222567821514813e-05
2004-10-31,,,,,4.05,,,0.0,0.0,,0.05,0.45,0.1,0.02,4.222567821514813e-05
2004-11-30,,,,,4.36,,,0.0,0.0,,0.05,0.45,0.1,0.02,4.222567821514813e-05
2004-12-31,,,,,4.24,,,0.0,0.0,,0.05,0.45,0.1,0.02,4.222567821514813e-05
2005-01-31,,,,,4.14,,,0.0,0.0,,0.05,0.45,0.1,0.02,4.222567821514813e-05
2005-02-28,,,,,4.36,,,0.0,0.0,,0.05,0.45,0.1,0.02,4.222567821514813e-05
2005-03-31,,,,,4.5,,,0.0,0.0,,0.05,0.45,0.1,0.02,4.222567821514813e-05
2005-04-30,,,,,4.21,,,0.0,0.0,,0.05,0.45,0.1,0.02,4.222567821514813e-05
2005-05-31,,,,,4.0,,,0.0,0.0,,0.05,0.45,0.1,0.02,4.222567821514813e-05
2005-06-30,,,,,3.94,,,0.0,0.0,,0.05,0.45,0.1,0.02,4.222567821514813e-05
2005-07-31,,,,,4.28,,,0.0,0.0,,0.05,0.45,0.1,0.02,4.222567821514813e-05
2005-08-31,,,,,4.02,,,0.0,0.0,,0.05,0.45,0.1,0.02,4.222567821514813e-05
2005-09-30,,,,,4.34,,,0.0,0.0,,0.05,0.45,0.1,0.02,4.222567821514813e-05
2005-10-31,,,,,4.57,,,0.0,0.0,,0.05,0.45,0.1,0.02,4.222567821514813e-05
2005-11-30,,,,,4.49,,,0.0,0.0,,0.05,0.45,0.1,0.02,4.222567821514813e-05
2005-12-31,,,,,4.39,,,0.0,0.0,,0.05,0.45,0.1,0.02,4.222567821514813e-05
2006-01-31,,,,,4.53,,,0.0,0.0,,0.05,0.45,0.1,0.02,4.222567821514813e-05
2006-02-28,,,,,4.55,,,0.0,0.0,,0.05,0.45,0.1,0.02,4.222567821514813e-05
2006-03-31,,,,,4.86,,,0.0,0.0,,0.05,0.45,0.1,0.02,4.222567821514813e-05
2006-04-30,,,,,5.07,,,0.0,0.0,,0.05,0.45,0.1,0.02,4.222567821514813e-05
2006-05-31,,,,,5.12,,,0.0,0.0,,0.05,0.45,0.1,0.02,4.222567821514813e-05
2006-06-30,,,,,5.15,,,0.0,0.0,,0.05,0.45,0.1,0.02,4.222567821514813e-05
2006-07-31,,,,,4.99,,,0.0,0.0,,0.05,0.45,0.1,0.02,4.222567821514813e-05
2006-08-31,,,,,4.74,,,0.0,0.0,,0.05,0.45,0.1,0.02,4.222567821514813e-05
2006-09-30,,,,,4.64,,,0.0,0.0,,0.05,0.45,0.1,0.02,4.222567821514813e-05
2006-10-31,,,,,4.61,,,0.0,0.0,,0.05,0.45,0.1,0.02,4.222567821514813e-05
2006-11-30,,,,,4.46,,,0.0,0.0,,0.05,0.45,0.1,0.02,4.222567821514813e-05
2006-12-31,,,,,4.71,,,0.0,0.0,,0.05,0.45,0.1,0.02,4.222567821514813e-05
2007-01-31,,,,,4.83,,,0.0,0.0,,0.05,0.45,0.1,0.02,4.222567821514813e-05
2007-02-28,,,,,4.56,,,0.0,0.0,,0.05,0.45,0.1,0.02,4.222567821514813e-05
2007-03-31,,,,,4.65,,,0.0,0.0,,0.05,0.45,0.1,0.02,4.222567821514813e-05
2007-04-30,,,,,4.63,,,0.0,0.0,,0.05,0.45,0.1,0.02,4.222567821514813e-05
2007-05-31,,,,,4.9,,,0.0,0.0,,0.05,0.45,0.1,0.02,4.222567821514813e-05
2007-06-30,,,,,5.03,,,0.0,0.0,,0.05,0.45,0.1,0.02,4.222567821514813e-05
2007-07-31,,,,,4.78,,,0.0,0.0,,0.05,0.45,0.1,0.02,4.222567821514813e-05
2007-08-31,,,,,4.54,,,0.0,0.0,,0.05,0.45,0.1,0.02,4.222567821514813e-05
2007-09-30,,,,,4.59,,,0.0,0.0,,0.05,0.45,0.1,0.02,4.222567821514813e-05
2007-10-31,,,,,4.48,,,0.0,0.0,,0.05,0.45,0.1,0.02,4.222567821514813e-05
2007-11-30,,,,,3.97,,,0.0,0.0,,0.05,0.45,0.1,0.02,4.222567821514813e-05
2007-12-31,,,,,4.04,,,0.0,0.0,,0.05,0.45,0.1,0.02,4.222567821514813e-05
2008-01-31,,,,,3.67,,,0.0,0.0,,0.05,0.45,0.1,0.02,4.222567821514813e-05
2008-02-29,,,,,3.53,,,0.0,0.0,,0.05,0.45,0.1,0.02,4.222567821514813e-05
2008-03-31,,,,,3.45,,,0.0,0.0,,0.05,0.45,0.1,0.02,4.222567821514813e-05
2008-04-30,,,,,3.77,,,0.0,0.0,,0.05,0.45,0.1,0.02,4.222567821514813e-05
2008-05-31,,,,,4.06,,,0.0,0.0,,0.05,0.45,0.1,0.02,4.222567821514813e-05
2008-06-30,,,,,3.99,,,0.0,0.0,,0.05,0.45,0.1,0.02,4.222567821514813e-05
2008-07-31,,,,,3.99,,,0.0,0.0,,0.05,0.45,0.1,0.02,4.222567821514813e-05
2008-08-31,,,,,3.83,,,0.0,0.0,,0.05,0.45,0.1,0.02,4.222567821514813e-05
2008-09-30,,,,,3.85,,,0.0,0.0,,0.05,0.45,0.1,0.02,4.222567821514813e-05
2008-10-31,,,,,4.01,,,0.0,0.0,,0.05,0.45,0.1,0.02,4.222567821514813e-05
2008-11-30,,,,,2.93,,,0.0,0.0,,0.05,0.45,0.1,0.02,4.222567821514813e-05
2008-12-31,,,,,2.25,,,0.0,0.0,,0.05,0.45,0.1,0.02,4.222567821514813e-05
2009-01-31,,,,,2.87,,,0.0,0.0,,0.05,0.45,0.1,0.02,4.222567821514813e-05
2009-02-28,,,,,3.02,,,0.0,0.0,,0.05,0.45,0.1,0.02,4.222567821514813e-05
2009-03-31,,,,,2.71,,,0.0,0.0,,0.05,0.45,0.1,0.02,4.222567821514813e-05
2009-04-30,,,,,3.16,,,0.0,0.0,,0.05,0.45,0.1,0.02,4.222567821514813e-05
2009-05-31,,,,,3.47,,,0.0,0.0,,0.05,0.45,0.1,0.02,4.222567821514813e-05
2009-06-30,,,,,3.53,,,0.0,0.0,,0.05,0.45,0.1,0.02,4.222567821514813e-05
2009-07-31,,,,,3.52,,,0.0,0.0,,0.05,0.45,0.1,0.02,4.222567821514813e-05
2009-08-31,,,,,3.4,,,0.0,0.0,,0.05,0.45,0.1,0.02,4.222567821514813e-05
2009-09-30,,,,,3.31,,,0.0,0.0,,0.05,0.45,0.1,0.02,4.222567821514813e-05
2009-10-31,,,,,3.41,,,0.0,0.0,,0.05,0.45,0.1,0.02,4.222567821514813e-05
2009-11-30,,,,,3.21,,,0.0,0.0,,0.05,0.45,0.1,0.02,4.222567821514813e-05
2009-12-31,,,,,3.85,,,0.0,0.0,,0.05,0.45,0.1,0.02,4.222567821514813e-05
2010-01-31,,,,,3.63,,,0.0,0.0,,0.05,0.45,0.1,0.02,4.222567821514813e-05
2010-02-28,,,,,3.61,,,0.0,0.0,,0.05,0.45,0.1,0.02,4.222567821514813e-05
2010-03-31,,,,,3.84,,,0.0,0.0,,0.05,0.45,0.1,0.02,4.222567821514813e-05
2010-04-30,,,,,3.69,,,0.0,0.0,,0.05,0.45,0.1,0.02,4.222567821514813e-05
2010-05-31,,,,,,,,0.0,0.0,,0.05,0.45,0.1,0.02,4.222567821514813e-05
2010-06-30,,,,,2.97,,,0.0,0.0,,0.05,0.45,0.1,0.02,4.222567821514813e-05
2010-07-31,,,,,2.94,,,0.0,0.0,,0.05,0.45,0.1,0.02,4.222567821514813e-05
2010-08-31,,,,,2.47,,,0.0,0.0,,0.05,0.45,0.1,0.02,4.222567821514813e-05
2010-09-30,,,,,2.53,,,0.0,0.0,,0.05,0.45,0.1,0.02,4.222567821514813e-05
2010-10-31,,,,,2.63,,,0.0,0.0,,0.05,0.45,0.1,0.02,4.222567821514813e-05
2010-11-30,,,,,2.81,,,0.0,0.0,,0.05,0.45,0.1,0.02,4.222567821514813e-05
2010-12-31,,,,,3.3,,,0.0,0.0,,0.05,0.45,0.1,0.02,4.222567821514813e-05
2011-01-31,,,,,3.42,,,0.0,0.0,,0.05,0.45,0.1,0.02,4.222567821514813e-05
2011-02-28,,,,,3.42,,,0.0,0.0,,0.05,0.45,0.1,0.02,4.222567821514813e-05
2011-03-31,,,,,3.47,,,0.0,0.0,,0.05,0.45,0.1,0.02,4.222567821514813e-05
2011-04-30,,,,,3.32,,,0.0,0.0,,0.05,0.45,0.1,0.02,4.222567821514813e-05
2011-05-31,,,,,3.05,,,0.0,0.0,,0.05,0.45,0.1,0.02,4.222567821514813e-05
2011-06-30,,,,,3.18,,,0.0,0.0,,0.05,0.45,0.1,0.02,4.222567821514813e-05
2011-07-31,,,,,2.82,,,0.0,0.0,,0.05,0.45,0.1,0.02,4.222567821514813e-05
2011-08-31,,,,,2.23,,,0.0,0.0,,0.05,0.45,0.1,0.02,4.222567821514813e-05
2011-09-30,,,,,1.92,,,0.0,0.0,,0.05,0.45,0.1,0.02,4.222567821514813e-05
2011-10-31,,,,,2.17,,,0.0,0.0,,0.05,0.45,0.1,0.02,4.222567821514813e-05
2011-11-30,,,,,2.08,,,0.0,0.0,,0.05,0.45,0.1,0.02,4.222567821514813e-05
2011-12-31,,,,,1.89,,,0.0,0.0,,0.05,0.45,0.1,0.02,4.222567821514813e-05
2012-01-31,,,,,1.83,,,0.0,0.0,,0.05,0.45,0.1,0.02,4.222567821514813e-05
2012-02-29,,,,,1.98,,,0.0,0.0,,0.05,0.45,0.1,0.02,4.222567821514813e-05
2012-03-31,,,,,2.23,,,0.0,0.0,,0.05,0.45,0.1,0.02,4.222567821514813e-05
2012-04-30,,,,,1.95,,,0.0,0.0,,0.05,0.45,0.1,0.02,4.222567821514813e-05
2012-05-31,,,,,1.59,,,0.0,0.0,,0.05,0.45,0.1,0.02,4.222567821514813e-05
2012-06-30,,,,,1.67,,,0.0,0.0,,0.05,0.45,0.1,0.02,4.222567821514813e-05
2012-07-31,,,,,1.51,,,0.0,0.0,,0.05,0.45,0.1,0.02,4.222567821514813e-05
2012-08-31,,,,,1.57,,,0.0,0.0,,0.05,0.45,0.1,0.02,4.222567821514813e-05
2012-09-30,,,,,1.65,,,0.0,0.0,,0.05,0.45,0.1,0.02,4.222567821514813e-05
2012-10-31,,,,,1.72,,,0.0,0.0,,0.05,0.45,0.1,0.02,4.222567821514813e-05
2012-11-30,,,,,1.62,,,0.0,0.0,,0.05,0.45,0.1,0.02,4.222567821514813e-05
2012-12-31,,,,,1.78,,,0.0,0.0,,0.05,0.45,0.1,0.02,4.222567821514813e-05
2013-01-31,,,,,2.02,,,0.0,0.0,,0.05,0.45,0.1,0.02,4.222567821514813e-05
2013-02-28,,,,,1.89,,,0.0,0.0,,0.05,0.45,0.1,0.02,4.222567821514813e-05
2013-03-31,,,,,,,,0.0,0.0,,0.05,0.45,0.1,0.02,4.222567821514813e-05
2013-04-30,,,,,1.7,,,0.0,0.0,,0.05,0.45,0.1,0.02,4.222567821514813e-05
2013-05-31,,,,,2.16,,,0.0,0.0,,0.05,0.45,0.1,0.02,4.222567821514813e-05
2013-06-30,,,,,2.52,,,0.0,0.0,,0.05,0.45,0.1,0.02,4.222567821514813e-05
2013-07-31,,,,,2.6,,,0.0,0.0,,0.05,0.45,0.1,0.02,4.222567821514813e-05
2013-08-31,,,,,2.78,,,0.0,0.0,,0.05,0.45,0.1,0.02,4.222567821514813e-05
2013-09-30,,,,,2.64,,,0.0,0.0,,0.05,0.45,0.1,0.02,4.222567821514813e-05
2013-10-31,,,,,2.57,,,0.0,0.0,,0.05,0.45,0.1,0.02,4.222567821514813e-05
2013-11-30,,,,,2.75,,,0.0,0.0,,0.05,0.45,0.1,0.02,4.222567821514813e-05
2013-12-31,,,,,3.04,,,0.0,0.0,,0.05,0.45,0.1,0.02,4.222567821514813e-05
2014-01-31,,,,,2.67,,,0.0,0.0,,0.05,0.45,0.1,0.02,4.222567821514813e-05
2014-02-28,,,,,2.66,,,0.0,0.0,,0.05,0.45,0.1,0.02,4.222567821514813e-05
2014-03-31,,,,,2.73,,,0.0,0.0,,0.05,0.45,0.1,0.02,4.222567821514813e-05
2014-04-30,,,,,2.67,,,0.0,0.0,,0.05,0.45,0.1,0.02,4.222567821514813e-05
2014-05-31,,,,,2.48,,,0.0,0.0,,0.05,0.45,0.1,0.02,4.222567821514813e-05
2014-06-30,,,,,2.53,,,0.0,0.0,,0.05,0.45,0.1,0.02,4.222567821514813e-05
2014-07-31,,,,,2.58,,,0.0,0.0,,0.05,0.45,0.1,0.02,4.222567821514813e-05
2014-08-31,,,,,2.35,,,0.0,0.0,,0.05,0.45,0.1,0.02,4.222567821514813e-05
2014-09-30,,,,,2.52,,,0.0,0.0,,0.05,0.45,0.1,0.02,4.222567821514813e-05
2014-10-31,,,,,2.35,,,0.0,0.0,,0.05,0.45,0.1,0.02,4.222567821514813e-05
2014-11-30,,,,,2.18,,,0.0,0.0,,0.05,0.45,0.1,0.02,4.222567821514813e-05
2014-12-31,,,,,2.17,,,0.0,0.0,,0.05,0.45,0.1,0.02,4.222567821514813e-05
2015-01-31,,,,,1.68,,,0.0,0.0,,0.05,0.45,0.1,0.02,4.222567821514813e-05
2015-02-28,,,,,2.0,,,0.0,0.0,,0.05,0.45,0.1,0.02,4.222567821514813e-05
2015-03-31,,,,,1.94,,,0.0,0.0,,0.05,0.45,0.1,0.02,4.222567821514813e-05
2015-04-30,,,,,2.05,,,0.0,0.0,,0.05,0.45,0.1,0.02,4.222567821514813e-05
2015-05-31,,,,,2.12,,,0.0,0.0,,0.05,0.45,0.1,0.02,4.222567821514813e-05
2015-06-30,,,,,2.35,,,0.0,0.0,,0.05,0.45,0.1,0.02,4.222567821514813e-05
2015-07-31,,,,,2.2,,,0.0,0.0,,0.05,0.45,0.1,0.02,4.222567821514813e-05
2015-08-31,,,,,2.21,,,0.0,0.0,,0.05,0.45,0.1,0.02,4.222567821514813e-05
2015-09-30,,,,,2.06,,,0.0,0.0,,0.05,0.45,0.1,0.02,4.222567821514813e-05
2015-10-31,,,,,2.16,,,0.0,0.0,,0.05,0.45,0.1,0.02,4.222567821514813e-05
2015-11-30,,,,,2.21,,,0.0,0.0,,0.05,0.45,0.1,0.02,4.222567821514813e-05
2015-12-31,,,,,2.27,,,0.0,0.0,,0.05,0.45,0.1,0.02,4.222567821514813e-05
2016-01-31,,,,,1.94,,,0.0,0.0,,0.05,0.45,0.1,0.02,4.222567821514813e-05
2016-02-29,,,,,1.74,,,0.0,0.0,,0.05,0.45,0.1,0.02,4.222567821514813e-05
2016-03-31,,,,,1.78,,,0.0,0.0,,0.05,0.45,0.1,0.02,4.222567821514813e-05
2016-04-30,,,,,1.83,,,0.0,0.0,,0.05,0.45,0.1,0.02,4.222567821514813e-05
2016-05-31,,,,,1.84,,,0.0,0.0,,0.05,0.45,0.1,0.02,4.222567821514813e-05
2016-06-30,,,,,1.49,,,0.0,0.0,,0.05,0.45,0.1,0.02,4.222567821514813e-05
2016-07-31,,,,,1.46,,,0.0,0.0,,0.05,0.45,0.1,0.02,4.222567821514813e-05
2016-08-31,,,,,1.58,,,0.0,0.0,,0.05,0.45,0.1,0.02,4.222567821514813e-05
2016-09-30,,,,,1.6,,,0.0,0.0,,0.05,0.45,0.1,0.02,4.222567821514813e-05
2016-10-31,,,,,1.84,,,0.0,0.0,,0.05,0.45,0.1,0.02,4.222567821514813e-05
2016-11-30,,,,,2.37,,,0.0,0.0,,0.05,0.45,0.1,0.02,4.222567821514813e-05
2016-12-31,,,,,2.45,,,0.0,0.0,,0.05,0.45,0.1,0.02,4.222567821514813e-05
2017-01-31,,,,,2.45,,,0.0,0.0,,0.05,0.45,0.1,0.02,4.222567821514813e-05
2017-02-28,,,,,2.36,,,0.0,0.0,,0.05,0.45,0.1,0.02,4.222567821514813e-05
2017-03-31,,,,,2.4,,,0.0,0.0,,0.05,0.45,0.1,0.02,4.222567821514813e-05
2017-04-30,,,,,2.29,,,0.0,0.0,,0.05,0.45,0.1,0.02,4.222567821514813e-05
2017-05-31,,,,,2.21,,,0.0,0.0,,0.05,0.45,0.1,0.02,4.222567821514813e-05
2017-06-30,,,,,2.31,,,0.0,0.0,,0.05,0.45,0.1,0.02,4.222567821514813e-05
2017-07-31,,,,,2.3,,,0.0,0.0,,0.05,0.45,0.1,0.02,4.222567821514813e-05
2017-08-31,,,,,2.12,,,0.0,0.0,,0.05,0.45,0.1,0.02,4.222567821514813e-05
2017-09-30,,,,,2.33,,,0.0,0.0,,0.05,0.45,0.1,0.02,4.222567821514813e-05
2017-10-31,,,,,2.38,,,0.0,0.0,,0.05,0.45,0.1,0.02,4.222567821514813e-05
2017-11-30,,,,,2.42,,,0.0,0.0,,0.05,0.45,0.1,0.02,4.222567821514813e-05
2017-12-31,,,,,2.4,,,0.0,0.0,,0.05,0.45,0.1,0.02,4.222567821514813e-05
2018-01-31,,,,,2.72,,,0.0,0.0,,0.05,0.45,0.1,0.02,4.222567821514813e-05
2018-02-28,,,,,2.87,,,0.0,0.0,,0.05,0.45,0.1,0.02,4.222567821514813e-05
2018-03-31,,,,,,,,0.0,0.0,,0.05,0.45,0.1,0.02,4.222567821514813e-05
2018-04-30,,,,,2.95,,,0.0,0.0,,0.05,0.45,0.1,0.02,4.222567821514813e-05
2018-05-31,,,,,2.83,,,0.0,0.0,,0.05,0.45,0.1,0.02,4.222567821514813e-05
2018-06-30,,,,,2.85,,,0.0,0.0,,0.05,0.45,0.1,0.02,4.222567821514813e-05
2018-07-31,,,,,2.96,,,0.0,0.0,,0.05,0.45,0.1,0.02,4.222567821514813e-05
2018-08-31,,,,,2.86,,,0.0,0.0,,0.05,0.45,0.1,0.02,4.222567821514813e-05
2018-09-30,,,,,3.05,,,0.0,0.0,,0.05,0.45,0.1,0.02,4.222567821514813e-05
2018-10-31,,,,,3.15,,,0.0,0.0,,0.05,0.45,0.1,0.02,4.222567821514813e-05
2018-11-30,,,,,3.01,,,0.0,0.0,,0.05,0.45,0.1,0.02,4.222567821514813e-05
2018-12-31,,,,,2.69,,,0.0,0.0,,0.05,0.45,0.1,0.02,4.222567821514813e-05
2019-01-31,,,,,2.63,,,0.0,0.0,,0.05,0.45,0.1,0.02,4.222567821514813e-05
2019-02-28,,,,,2.73,,,0.0,0.0,,0.05,0.45,0.1,0.02,4.222567821514813e-05
2019-03-31,,,,,2.41,,,0.0,0.0,,0.05,0.45,0.1,0.02,4.222567821514813e-05
2019-04-30,,,,,2.51,,,0.0,0.0,,0.05,0.45,0.1,0.02,4.222567821514813e-05
2019-05-31,,,,,2.14,,,0.0,0.0,,0.05,0.45,0.1,0.02,4.222567821514813e-05
2019-06-30,,,,,2.0,,,0.0,0.0,,0.05,0.45,0.1,0.02,4.222567821514813e-05
2019-07-31,,,,,2.02,,,0.0,0.0,,0.05,0.45,0.1,0.02,4.222567821514813e-05
2019-08-31,,,,,1.5,,,0.0,0.0,,0.05,0.45,0.1,0.02,4.222567821514813e-05
2019-09-30,,,,,1.68,,,0.0,0.0,,0.05,0.45,0.1,0.02,4.222567821514813e-05
2019-10-31,,,,,1.69,,,0.0,0.0,,0.05,0.45,0.1,0.02,4.222567821514813e-05
2019-11-30,,,,,1.78,,,0.0,0.0,,0.05,0.45,0.1,0.02,4.222567821514813e-05
2019-12-31,,,,,1.92,,,0.0,0.0,,0.05,0.45,0.1,0.02,4.222567821514813e-05
2020-01-31,,,,,1.51,,,0.0,0.0,,0.05,0.45,0.1,0.02,4.222567821514813e-05
2020-02-29,,,,,1.13,,,0.0,0.0,,0.05,0.45,0.1,0.02,4.222567821514813e-05
2020-03-31,,,,,0.7,,,0.0,0.0,,0.05,0.45,0.1,0.02,4.222567821514813e-05
2020-04-30,,,,,0.64,,,0.0,0.0,,0.05,0.45,0.1,0.02,4.222567821514813e-05
2020-05-31,,,,,0.65,,,0.0,0.0,,0.05,0.45,0.1,0.02,4.222567821514813e-05
2020-06-30,,,,,0.66,,,0.0,0.0,,0.05,0.45,0.1,0.02,4.222567821514813e-05
2020-07-31,,,,,0.55,,,0.0,0.0,,0.05,0.45,0.1,0.02,4.222567821514813e-05
2020-08-31,,,,,0.72,,,0.0,0.0,,0.05,0.45,0.1,0.02,4.222567821514813e-05
2020-09-30,,,,,0.69,,,0.0,0.0,,0.05,0.45,0.1,0.02,4.222567821514813e-05
2020-10-31,,,,,0.88,,,0.0,0.0,,0.05,0.45,0.1,0.02,4.222567821514813e-05
2020-11-30,,,,,0.84,,,0.0,0.0,,0.05,0.45,0.1,0.02,4.222567821514813e-05
2020-12-31,,,,,0.93,,,0.0,0.0,,0.05,0.45,0.1,0.02,4.222567821514813e-05
2021-01-31,,,,,1.11,,,0.0,0.0,,0.05,0.45,0.1,0.02,4.222567821514813e-05
2021-02-28,,,,,1.44,,,0.0,0.0,,0.05,0.45,0.1,0.02,4.222567821514813e-05
2021-03-31,,,,,1.74,,,0.0,0.0,,0.05,0.45,0.1,0.02,4.222567821514813e-05
2021-04-30,,,,,1.65,,,0.0,0.0,,0.05,0.45,0.1,0.02,4.222567821514813e-05
2021-05-31,,,,,,,,0.0,0.0,,0.05,0.45,0.1,0.02,4.222567821514813e-05
2021-06-30,,,,,1.45,,,0.0,0.0,,0.05,0.45,0.1,0.02,4.222567821514813e-05
2021-07-31,,,,,1.24,,,0.0,0.0,,0.05,0.45,0.1,0.02,4.222567821514813e-05
2021-08-31,,,,,1.3,,,0.0,0.0,,0.05,0.45,0.1,0.02,4.222567821514813e-05
2021-09-30,,,,,1.52,,,0.0,0.0,,0.05,0.45,0.1,0.02,4.222567821514813e-05
2021-10-31,,,,,1.55,,,0.0,0.0,,0.05,0.45,0.1,0.02,4.222567821514813e-05
2021-11-30,,,,,1.43,,,0.0,0.0,,0.05,0.45,0.1,0.02,4.222567821514813e-05
2021-12-31,,,,,1.52,,,0.0,0.0,,0.05,0.45,0.1,0.02,4.222567821514813e-05
2022-01-31,,,,,1.79,,,0.0,0.0,,0.05,0.45,0.1,0.02,4.222567821514813e-05
2022-02-28,,,,,1.83,,,0.0,0.0,,0.05,0.45,0.1,0.02,4.222567821514813e-05
2022-03-31,,,,,2.32,,,0.0,0.0,,0.05,0.45,0.1,0.02,4.222567821514813e-05
2022-04-30,,,,,2.89,,,0.0,0.0,,0.05,0.45,0.1,0.02,4.222567821514813e-05
2022-05-31,,,,,2.85,,,0.0,0.0,,0.05,0.45,0.1,0.02,4.222567821514813e-05
2022-06-30,,,,,2.98,,,0.0,0.0,,0.05,0.45,0.1,0.02,4.222567821514813e-05
2022-07-31,,,,,2.67,,,0.0,0.0,,0.05,0.45,0.1,0.02,4.222567821514813e-05
2022-08-31,,,,,3.15,,,0.0,0.0,,0.05,0.45,0.1,0.02,4.222567821514813e-05
2022-09-30,,,,,3.83,,,0.0,0.0,,0.05,0.45,0.1,0.02,4.222567821514813e-05
2022-10-31,,,,,4.1,,,0.0,0.0,,0.05,0.45,0.1,0.02,4.222567821514813e-05
2022-11-30,,,,,3.68,,,0.0,0.0,,0.05,0.45,0.1,0.02,4.222567821514813e-05
2022-12-31,,,,,3.88,,,0.0,0.0,,0.05,0.45,0.1,0.02,4.222567821514813e-05
2023-01-31,,,,,3.52,,,0.0,0.0,,0.05,0.45,0.1,0.02,4.222567821514813e-05
2023-02-28,,,,,3.92,,,0.0,0.0,,0.05,0.45,0.1,0.02,4.222567821514813e-05
2023-03-31,,,,,3.48,,,0.0,0.0,,0.05,0.45,0.1,0.02,4.222567821514813e-05
2023-04-30,,,,,3.44,,,0.0,0.0,,0.05,0.45,0.1,0.02,4.222567821514813e-05
2023-05-31,,,,,3.64,,,0.0,0.0,,0.05,0.45,0.1,0.02,4.222567821514813e-05
2023-06-30,,,,,3.81,,,0.0,0.0,,0.05,0.45,0.1,0.02,4.222567821514813e-05
2023-07-31,,,,,3.97,,,0.0,0.0,,0.05,0.45,0.1,0.02,4.222567821514813e-05
2023-08-31,,,,,4.09,,,0.0,0.0,,0.05,0.45,0.1,0.02,4.222567821514813e-05
2023-09-30,,,,,4.59,,,0.0,0.0,,0.05,0.45,0.1,0.02,4.222567821514813e-05
2023-10-31,,,,,4.88,,,0.0,0.0,,0.05,0.45,0.1,0.02,4.222567821514813e-05
2023-11-30,,,,,4.37,,,0.0,0.0,,0.05,0.45,0.1,0.02,4.222567821514813e-05
2023-12-31,,,,,3.88,,,0.0,0.0,,0.05,0.45,0.1,0.02,4.222567821514813e-05
2024-01-31,,,,,3.99,,,0.0,0.0,,0.05,0.45,0.1,0.02,4.222567821514813e-05
2024-02-29,,,,,4.25,,,0.0,0.0,,0.05,0.45,0.1,0.02,4.222567821514813e-05
2024-03-31,,,,,,,,0.0,0.0,,0.05,0.45,0.1,0.02,4.222567821514813e-05
2024-04-30,,,,,4.69,,,0.0,0.0,,0.05,0.45,0.1,0.02,4.222567821514813e-05
2024-05-31,,,,,4.51,,,0.0,0.0,,0.05,0.45,0.1,0.02,4.222567821514813e-05
2024-06-30,,,,,4.36,,,0.0,0.0,,0.05,0.45,0.1,0.02,4.222567821514813e-05
2024-07-31,,,,,4.09,,,0.0,0.0,,0.05,0.45,0.1,0.02,4.222567821514813e-05
2024-08-31,,,,,3.91,,,0.0,0.0,,0.05,0.45,0.1,0.02,4.222567821514813e-05
2024-09-30,,,,,3.81,,,0.0,0.0,,0.05,0.45,0.1,0.02,4.222567821514813e-05
2024-10-31,,,,,4.28,,,0.0,0.0,,0.05,0.45,0.1,0.02,4.222567821514813e-05
2024-11-30,,,,,4.18,,,0.0,0.0,,0.05,0.45,0.1,0.02,4.222567821514813e-05
2024-12-31,,,,,4.58,,,0.0,0.0,,0.05,0.45,0.1,0.02,4.222567821514813e-05
2025-01-31,,,,,4.58,,,0.0,0.0,,0.05,0.45,0.1,0.02,4.222567821514813e-05
2025-02-28,,,,,4.24,,,0.0,0.0,,0.05,0.45,0.1,0.02,4.222567821514813e-05
2025-03-31,,,,,4.23,,,0.0,0.0,,0.05,0.45,0.1,0.02,4.222567821514813e-05
2025-04-30,,,,,4.17,,,0.0,0.0,,0.05,0.45,0.1,0.02,4.222567821514813e-05
2025-05-31,,,,,4.41,,,0.0,0.0,,0.05,0.45,0.1,0.02,4.222567821514813e-05
2025-06-30,,,,,4.24,,,0.0,0.0,,0.05,0.45,0.1,0.02,4.222567821514813e-05
2025-07-31,,,,,4.37,,,0.0,0.0,,0.05,0.45,0.1,0.02,4.222567821514813e-05
2025-08-31,,,,,4.23,,,0.0,0.0,,0.05,0.45,0.1,0.02,4.222567821514813e-05
2025-09-30,,,,,4.16,,,0.0,0.0,,0.05,0.45,0.1,0.02,4.222567821514813e-05
2025-10-31,,,,,4.01,,,0.0,0.0,,0.05,0.45,0.1,0.02,4.222567821514813e-05
